Year	Vol	Source	OCR	Ref	ID	Pages	Tokens
1785	1	Bavarian State Library	Google (internal)	https://app.digitale-sammlungen.de/bookshelf/bsb10501962	bsb10501962	436	406778
1785	2	Bavarian State Library	Google (internal)	https://app.digitale-sammlungen.de/bookshelf/bsb10501963	bsb10501963	436	409434
1785	3	Bavarian State Library	Google (internal)	https://app.digitale-sammlungen.de/bookshelf/bsb10501964	bsb10501964	474	452950
1785	4	Bavarian State Library	Google (internal)	https://app.digitale-sammlungen.de/bookshelf/bsb10501965	bsb10501965	428	426652
1785	5	Bavarian State Library	Google (internal)	https://app.digitale-sammlungen.de/bookshelf/bsb10541065	bsb10541065	324	326036
1786	1	Bavarian State Library	Google (internal)	https://app.digitale-sammlungen.de/bookshelf/bsb10501966	bsb10501966	356	323589
1786	2	Bavarian State Library	Google (internal)	https://app.digitale-sammlungen.de/bookshelf/bsb10501967	bsb10501967	342	314469
1786	3	Bavarian State Library	Google (internal)	https://app.digitale-sammlungen.de/bookshelf/bsb10501968	bsb10501968	346	320896
1786	4	Bavarian State Library	Google (internal)	https://app.digitale-sammlungen.de/bookshelf/bsb10501969	bsb10501969	348	323457
1786	5	Bavarian State Library	Google (internal)	https://app.digitale-sammlungen.de/bookshelf/bsb10501970	bsb10501970	430	419430
1787	1	Bavarian State Library	Google (internal)	https://app.digitale-sammlungen.de/bookshelf/bsb10501971	bsb10501971	446	420382
1787	2	Bavarian State Library	Google (internal)	https://app.digitale-sammlungen.de/bookshelf/bsb10501972	bsb10501972	400	373083
1787	3	Bavarian State Library	Google (internal)	https://app.digitale-sammlungen.de/bookshelf/bsb10501973	bsb10501973	490	458888
1787	4	Bavarian State Library	Google (internal)	https://app.digitale-sammlungen.de/bookshelf/bsb10501974	bsb10501974	512	479346
1788	1	Bavarian State Library	Google (internal)	https://app.digitale-sammlungen.de/bookshelf/bsb10501975	bsb10501975	490	462932
1788	2	Bavarian State Library	Google (internal)	https://app.digitale-sammlungen.de/bookshelf/bsb10501976	bsb10501976	470	449760
1788	3	Bavarian State Library	Google (internal)	https://app.digitale-sammlungen.de/bookshelf/bsb10501977	bsb10501977	544	522288
1788	4	Bavarian State Library	Google (internal)	https://app.digitale-sammlungen.de/bookshelf/bsb10501978	bsb10501978	550	522173
1789	1	Bavarian State Library	Google (internal)	https://app.digitale-sammlungen.de/bookshelf/bsb10501979	bsb10501979	624	581118
1789	2	Bavarian State Library	Google (internal)	https://app.digitale-sammlungen.de/bookshelf/bsb10501980	bsb10501980	554	514201
1789	3	Bavarian State Library	Google (internal)	https://app.digitale-sammlungen.de/bookshelf/bsb10501981	bsb10501981	622	589901
1789	4	Bavarian State Library	Google (internal)	https://app.digitale-sammlungen.de/bookshelf/bsb10501982	bsb10501982	572	531707
1790	1	Bavarian State Library	Google (internal)	https://app.digitale-sammlungen.de/bookshelf/bsb10541081	bsb10541081	374	356932
1790	2	Bavarian State Library	Google (internal)	https://app.digitale-sammlungen.de/bookshelf/bsb10541082	bsb10541082	382	370981
1790	3	Bavarian State Library	Google (internal)	https://app.digitale-sammlungen.de/bookshelf/bsb10541083	bsb10541083	438	415829
1790	4	Bavarian State Library	Google (internal)	https://app.digitale-sammlungen.de/bookshelf/bsb10541084	bsb10541084	470	458736
1790	IB	Bavarian State Library	Google (internal)	https://app.digitale-sammlungen.de/bookshelf/bsb10541055	bsb10541055	728	721529
1791	1	Bavarian State Library	Google (internal)	https://app.digitale-sammlungen.de/bookshelf/bsb10501987	bsb10501987	620	640409
1791	2	Bavarian State Library	Google (internal)	https://app.digitale-sammlungen.de/bookshelf/bsb10501988	bsb10501988	504	426509
1791	3	Bavarian State Library	Google (internal)	https://app.digitale-sammlungen.de/bookshelf/bsb10501989	bsb10501989	522	540176
1791	4	Bavarian State Library	Google (internal)	https://app.digitale-sammlungen.de/bookshelf/bsb10501990	bsb10501990	570	593951
1792	1	Bavarian State Library	Google (internal)	https://app.digitale-sammlungen.de/bookshelf/bsb10501991	bsb10501991	548	560432
1792	2	Bavarian State Library	Google (internal)	https://app.digitale-sammlungen.de/bookshelf/bsb10501992	bsb10501992	546	549568
1792	3	Bavarian State Library	Google (internal)	https://app.digitale-sammlungen.de/bookshelf/bsb10501993	bsb10501993	522	537294
1792	4	Bavarian State Library	Google (internal)	https://app.digitale-sammlungen.de/bookshelf/bsb10501994	bsb10501994	540	551064
1793	1	Bavarian State Library	Google (internal)	https://app.digitale-sammlungen.de/bookshelf/bsb10501995	bsb10501995	522	670624
1793	2	Bavarian State Library	Google (internal)	https://app.digitale-sammlungen.de/bookshelf/bsb10501996	bsb10501996	558	717331
1793	3	Bavarian State Library	Google (internal)	https://app.digitale-sammlungen.de/bookshelf/bsb10628808	bsb10628808	538	545650
1793	4	Bavarian State Library	Google (internal)	https://app.digitale-sammlungen.de/bookshelf/bsb10628809	bsb10628809	504	509660
1794	1	Bavarian State Library	Google (internal)	https://app.digitale-sammlungen.de/bookshelf/bsb10541097	bsb10541097	442	476033
1794	2	Bavarian State Library	Google (internal)	https://app.digitale-sammlungen.de/bookshelf/bsb10541098	bsb10541098	426	583775
1794	3	Bavarian State Library	Google (internal)	https://app.digitale-sammlungen.de/bookshelf/bsb10541099	bsb10541099	426	458657
1794	4	Bavarian State Library	Google (internal)	https://app.digitale-sammlungen.de/bookshelf/bsb10541100	bsb10541100	384	406753
1794	IB	Bavarian State Library	Google (internal)	https://app.digitale-sammlungen.de/bookshelf/bsb10541059	bsb10541059	614	598869
1795	1	Bavarian State Library	Google (internal)	https://app.digitale-sammlungen.de/bookshelf/bsb10502000	bsb10502000	540	544857
1795	2	Bavarian State Library	Google (internal)	https://app.digitale-sammlungen.de/bookshelf/bsb10502001	bsb10502001	558	565542
1795	3	Bavarian State Library	Google (internal)	https://app.digitale-sammlungen.de/bookshelf/bsb10502002	bsb10502002	506	500017
1795	4	Bavarian State Library	Google (internal)	https://app.digitale-sammlungen.de/bookshelf/bsb10502003	bsb10502003	550	535979
1795	5	Bavarian State Library	Google (internal)	https://app.digitale-sammlungen.de/bookshelf/bsb10502004	bsb10502004	578	589120
1796	1	Bavarian State Library	Google (internal)	https://app.digitale-sammlungen.de/bookshelf/bsb10502005	bsb10502005	636	633860
1796	2	Bavarian State Library	Google (internal)	https://app.digitale-sammlungen.de/bookshelf/bsb10502006	bsb10502006	622	626072
1796	3	Bavarian State Library	Google (internal)	https://app.digitale-sammlungen.de/bookshelf/bsb10502007	bsb10502007	684	686237
1796	4	Bavarian State Library	Google (internal)	https://app.digitale-sammlungen.de/bookshelf/bsb10502008	bsb10502008	690	705572
1797	1	Bavarian State Library	Google (internal)	https://app.digitale-sammlungen.de/bookshelf/bsb10502009	bsb10502009	608	596020
1797	2	Bavarian State Library	Google (internal)	https://app.digitale-sammlungen.de/bookshelf/bsb10502010	bsb10502010	616	617180
1797	3	Bavarian State Library	Google (internal)	https://app.digitale-sammlungen.de/bookshelf/bsb10502011	bsb10502011	638	631107
1797	4	Bavarian State Library	Google (internal)	https://app.digitale-sammlungen.de/bookshelf/bsb10502012	bsb10502012	644	644486
1798	1	Bavarian State Library	Google (internal)	https://app.digitale-sammlungen.de/bookshelf/bsb10502013	bsb10502013	690	660967
1798	2	Bavarian State Library	Google (internal)	https://app.digitale-sammlungen.de/bookshelf/bsb10502014	bsb10502014	592	707836
1798	3	Bavarian State Library	Google (internal)	https://app.digitale-sammlungen.de/bookshelf/bsb10502015	bsb10502015	582	553313
1798	4	Bavarian State Library	Google (internal)	https://app.digitale-sammlungen.de/bookshelf/bsb10502016	bsb10502016	668	825446
1799	1	Bavarian State Library	Google (internal)	https://app.digitale-sammlungen.de/bookshelf/bsb10628810	bsb10628810	612	586215
1799	2	Bavarian State Library	Google (internal)	https://app.digitale-sammlungen.de/bookshelf/bsb10628811	bsb10628811	616	589307
1799	3	Bavarian State Library	Google (internal)	https://app.digitale-sammlungen.de/bookshelf/bsb10628812	bsb10628812	626	609870
1799	4	Bavarian State Library	Google (internal)	https://app.digitale-sammlungen.de/bookshelf/bsb10628813	bsb10628813	634	608326
1800	1	Bavarian State Library	Google (internal)	https://app.digitale-sammlungen.de/bookshelf/bsb10502017	bsb10502017	596	560613
1800	2	Bavarian State Library	Google (internal)	https://app.digitale-sammlungen.de/bookshelf/bsb10502018	bsb10502018	630	613775
1800	3	Bavarian State Library	Google (internal)	https://app.digitale-sammlungen.de/bookshelf/bsb10502019	bsb10502019	704	690734
1800	4	Bavarian State Library	Google (internal)	https://app.digitale-sammlungen.de/bookshelf/bsb10502020	bsb10502020	672	652181
1801	1	Bavarian State Library	Google (internal)	https://app.digitale-sammlungen.de/bookshelf/bsb10502021	bsb10502021	798	752119
1801	2	Bavarian State Library	Google (internal)	https://app.digitale-sammlungen.de/bookshelf/bsb10502022	bsb10502022	670	631889
1801	3	Bavarian State Library	Google (internal)	https://app.digitale-sammlungen.de/bookshelf/bsb10502023	bsb10502023	682	637654
1801	4	Bavarian State Library	Google (internal)	https://app.digitale-sammlungen.de/bookshelf/bsb10502024	bsb10502024	656	546094
1802	1	Bavarian State Library	Google (internal)	https://app.digitale-sammlungen.de/bookshelf/bsb10502025	bsb10502025	664	606451
1802	2	Bavarian State Library	Google (internal)	https://app.digitale-sammlungen.de/bookshelf/bsb10502026	bsb10502026	620	535443
1802	3	Bavarian State Library	Google (internal)	https://app.digitale-sammlungen.de/bookshelf/bsb10502027	bsb10502027	720	689375
1802	4	Bavarian State Library	Google (internal)	https://app.digitale-sammlungen.de/bookshelf/bsb10502028	bsb10502028	700	658398
1803	1	Bavarian State Library	Google (internal)	https://app.digitale-sammlungen.de/bookshelf/bsb10502029	bsb10502029	708	676464
1803	2	Bavarian State Library	Google (internal)	https://app.digitale-sammlungen.de/bookshelf/bsb10502030	bsb10502030	700	679458
1803	3	Bavarian State Library	Google (internal)	https://app.digitale-sammlungen.de/bookshelf/bsb10502031	bsb10502031	636	599467
1803	4	Bavarian State Library	Google (internal)	https://app.digitale-sammlungen.de/bookshelf/bsb10502032	bsb10502032	558	529183
1804	1	Bavarian State Library	Google (internal)	https://app.digitale-sammlungen.de/bookshelf/bsb10502033	bsb10502033	670	639104
1804	2	Bavarian State Library	Google (internal)	https://app.digitale-sammlungen.de/bookshelf/bsb10502034	bsb10502034	642	613962
1804	3	Bavarian State Library	Google (internal)	https://app.digitale-sammlungen.de/bookshelf/bsb10502035	bsb10502035	612	583419
1804	4	Bavarian State Library	Google (internal)	https://app.digitale-sammlungen.de/bookshelf/bsb10502036	bsb10502036	630	601486
1805	1	Bavarian State Library	Google (internal)	https://app.digitale-sammlungen.de/bookshelf/bsb10502037	bsb10502037	586	560960
1805	2	Bavarian State Library	Google (internal)	https://app.digitale-sammlungen.de/bookshelf/bsb10502038	bsb10502038	638	617833
1805	3	Bavarian State Library	Google (internal)	https://app.digitale-sammlungen.de/bookshelf/bsb10502039	bsb10502039	572	562468
1805	4	Bavarian State Library	Google (internal)	https://app.digitale-sammlungen.de/bookshelf/bsb10502040	bsb10502040	558	541678
1806	1	Bavarian State Library	Google (internal)	https://app.digitale-sammlungen.de/bookshelf/bsb10502041	bsb10502041	548	531048
1806	2	Bavarian State Library	Google (internal)	https://app.digitale-sammlungen.de/bookshelf/bsb10502042	bsb10502042	500	484762
1806	3	Bavarian State Library	Google (internal)	https://app.digitale-sammlungen.de/bookshelf/bsb10502043	bsb10502043	550	536678
1806	4	Bavarian State Library	Google (internal)	https://app.digitale-sammlungen.de/bookshelf/bsb10502044	bsb10502044	422	414780
1807	1	Indiana University Library	Google (internal)	https://books.google.de/books?id=t9fjAAAAMAAJ	gb_t9fjAAAAMAAJ	443	437641
1807	2	New York Public Library	Google (internal)	https://books.google.de/books?id=5KAKAAAAYAAJ	gb_5KAKAAAAYAAJ	683	697651
1807	3_4	Library of Princeton University	Google (internal)	https://books.google.de/books?id=MSlRAAAAYAAJ	gb_MSlRAAAAYAAJ	1060	1016057
1808	1	New York Public Library	Google (internal)	https://books.google.de/books?id=T5UKAAAAYAAJ	gb_T5UKAAAAYAAJ	543	514074
1808	3	Library of the University of Michigan	Google (internal)	https://books.google.de/books?id=ogs4AAAAMAAJ	gb_ogs4AAAAMAAJ	597	590739
1808	4	Library of the University of Michigan	Google (internal)	https://books.google.de/books?id=Pww4AAAAMAAJ	gb_Pww4AAAAMAAJ	635	603255
1809	1_2	Library of Princeton University	Google (internal)	https://books.google.de/books?id=ByBRAAAAYAAJ	gb_ByBRAAAAYAAJ	999	976652
1809	3	New York Public Library	Google (internal)	https://books.google.de/books?id=VZUKAAAAYAAJ	gb_VZUKAAAAYAAJ	535	520026
1809	4	Indiana University Library	Google (internal)	https://books.google.de/books?id=XdzjAAAAMAAJ	gb_XdzjAAAAMAAJ	665	656460
1810	1	Library of the University of Michigan	Google (internal)	https://books.google.de/books?id=sBE4AAAAMAAJ	gb_sBE4AAAAMAAJ	537	524767
1810	2	Library of the University of Michigan	Google (internal)	https://books.google.de/books?id=NhI4AAAAMAAJ	gb_NhI4AAAAMAAJ	499	479550
1810	3_4	Library of Princeton University	Google (internal)	https://books.google.de/books?id=lyFRAAAAYAAJ	gb_lyFRAAAAYAAJ	1142	1111649
1811	1	Bavarian State Library	Google (internal)	https://app.digitale-sammlungen.de/bookshelf/bsb10502045	bsb10502045	514	497558
1811	2	Bavarian State Library	Google (internal)	https://app.digitale-sammlungen.de/bookshelf/bsb10502046	bsb10502046	506	499647
1811	3	Bavarian State Library	Google (internal)	https://app.digitale-sammlungen.de/bookshelf/bsb10502047	bsb10502047	496	488701
1812	1	Bavarian State Library	Google (internal)	https://app.digitale-sammlungen.de/bookshelf/bsb10502048	bsb10502048	466	444357
1812	2	Bavarian State Library	Google (internal)	https://app.digitale-sammlungen.de/bookshelf/bsb10502049	bsb10502049	462	448397
1812	3	Bavarian State Library	Google (internal)	https://app.digitale-sammlungen.de/bookshelf/bsb10502050	bsb10502050	544	532066
1813	1	Bavarian State Library	Google (internal)	https://app.digitale-sammlungen.de/bookshelf/bsb10502051	bsb10502051	454	433346
1813	2	Bavarian State Library	Google (internal)	https://app.digitale-sammlungen.de/bookshelf/bsb10502052	bsb10502052	448	422034
1813	3	Bavarian State Library	Google (internal)	https://app.digitale-sammlungen.de/bookshelf/bsb10502053	bsb10502053	452	434753
1814	1	Bavarian State Library	Google (internal)	https://app.digitale-sammlungen.de/bookshelf/bsb10502054	bsb10502054	430	403952
1814	2	Bavarian State Library	Google (internal)	https://app.digitale-sammlungen.de/bookshelf/bsb10502055	bsb10502055	426	394152
1814	3	Bavarian State Library	Google (internal)	https://app.digitale-sammlungen.de/bookshelf/bsb10502056	bsb10502056	488	461497
1814	4	Bavarian State Library	Google (internal)	https://app.digitale-sammlungen.de/bookshelf/bsb10502057	bsb10502057	589	578051
1815	1	Bavarian State Library	Google (internal)	https://app.digitale-sammlungen.de/bookshelf/bsb10502058	bsb10502058	430	404865
1815	2	Bavarian State Library	Google (internal)	https://app.digitale-sammlungen.de/bookshelf/bsb10502059	bsb10502059	438	410608
1815	3	Bavarian State Library	Google (internal)	https://app.digitale-sammlungen.de/bookshelf/bsb10502060	bsb10502060	492	460361
1815	4	Bavarian State Library	Google (internal)	https://app.digitale-sammlungen.de/bookshelf/bsb10502061	bsb10502061	586	575475
1816	1	Bavarian State Library	Google (internal)	https://app.digitale-sammlungen.de/bookshelf/bsb10502062	bsb10502062	444	415321
1816	2	Bavarian State Library	Google (internal)	https://app.digitale-sammlungen.de/bookshelf/bsb10502063	bsb10502063	446	424234
1816	3	Bavarian State Library	Google (internal)	https://app.digitale-sammlungen.de/bookshelf/bsb10502064	bsb10502064	468	437590
1816	4	Bavarian State Library	Google (internal)	https://app.digitale-sammlungen.de/bookshelf/bsb10502065	bsb10502065	620	617829
1817	1	Bavarian State Library	Google (internal)	https://app.digitale-sammlungen.de/bookshelf/bsb10502066	bsb10502066	458	422387
1817	2	Bavarian State Library	Google (internal)	https://app.digitale-sammlungen.de/bookshelf/bsb10502067	bsb10502067	458	432030
1817	3	Bavarian State Library	Google (internal)	https://app.digitale-sammlungen.de/bookshelf/bsb10502068	bsb10502068	458	424982
1817	4	Bavarian State Library	Google (internal)	https://app.digitale-sammlungen.de/bookshelf/bsb10502069	bsb10502069	584	568832
1818	1	Bavarian State Library	Google (internal)	https://app.digitale-sammlungen.de/bookshelf/bsb10502070	bsb10502070	460	420621
1818	2	Bavarian State Library	Google (internal)	https://app.digitale-sammlungen.de/bookshelf/bsb10502071	bsb10502071	474	442911
1818	3	Bavarian State Library	Google (internal)	https://app.digitale-sammlungen.de/bookshelf/bsb10502072	bsb10502072	466	426711
1818	4	Bavarian State Library	Google (internal)	https://app.digitale-sammlungen.de/bookshelf/bsb10502073	bsb10502073	586	579011
1819	1	Bavarian State Library	Google (internal)	https://app.digitale-sammlungen.de/bookshelf/bsb10502074	bsb10502074	470	437054
1819	2	Bavarian State Library	Google (internal)	https://app.digitale-sammlungen.de/bookshelf/bsb10502075	bsb10502075	446	420961
1819	3	Bavarian State Library	Google (internal)	https://app.digitale-sammlungen.de/bookshelf/bsb10502076	bsb10502076	470	431191
1819	4	Bavarian State Library	Google (internal)	https://app.digitale-sammlungen.de/bookshelf/bsb10502077	bsb10502077	574	555985
1820	1	Bavarian State Library	Google (internal)	https://app.digitale-sammlungen.de/bookshelf/bsb10502078	bsb10502078	476	449464
1820	2	Bavarian State Library	Google (internal)	https://app.digitale-sammlungen.de/bookshelf/bsb10502079	bsb10502079	488	459630
1820	3	Bavarian State Library	Google (internal)	https://app.digitale-sammlungen.de/bookshelf/bsb10502080	bsb10502080	468	436376
1820	4	Bavarian State Library	Google (internal)	https://app.digitale-sammlungen.de/bookshelf/bsb10502081	bsb10502081	584	565381
1821	1_2	Bavarian State Library	Google (internal)	https://app.digitale-sammlungen.de/bookshelf/bsb10502082	bsb10502082	682	630387
1821	3_4	Bavarian State Library	Google (internal)	https://app.digitale-sammlungen.de/bookshelf/bsb10502083	bsb10502083	710	658995
1821	5	Bavarian State Library	Google (internal)	https://app.digitale-sammlungen.de/bookshelf/bsb10502084	bsb10502084	586	561879
1822	1_2	Bavarian State Library	Google (internal)	https://app.digitale-sammlungen.de/bookshelf/bsb10502085	bsb10502085	690	645880
1823	1_2	Bavarian State Library	Google (internal)	https://app.digitale-sammlungen.de/bookshelf/bsb10502087	bsb10502087	684	637377
1823	3_4	Bavarian State Library	Google (internal)	https://app.digitale-sammlungen.de/bookshelf/bsb10502088	bsb10502088	694	648736
1823	5	Bavarian State Library	Google (internal)	https://app.digitale-sammlungen.de/bookshelf/bsb10502089	bsb10502089	586	567563
1825	1_2	Bavarian State Library	Google (internal)	https://app.digitale-sammlungen.de/bookshelf/bsb10502091	bsb10502091	680	636008
1825	3_4	Bavarian State Library	Google (internal)	https://app.digitale-sammlungen.de/bookshelf/bsb10502092	bsb10502092	696	649679
1825	5	Bavarian State Library	Google (internal)	https://app.digitale-sammlungen.de/bookshelf/bsb10502093	bsb10502093	618	605318
1826	1_2	Bavarian State Library	Google (internal)	https://app.digitale-sammlungen.de/bookshelf/bsb10502094	bsb10502094	702	653185
1826	3_4	Bavarian State Library	Google (internal)	https://app.digitale-sammlungen.de/bookshelf/bsb10502095	bsb10502095	700	629747
1826	5	Bavarian State Library	Google (internal)	https://app.digitale-sammlungen.de/bookshelf/bsb10502096	bsb10502096	626	607049
1827	1	Indiana University Library	Google (internal)	https://books.google.de/books?id=NtXjAAAAMAAJ	gb_NtXjAAAAMAAJ	465	430733
1827	2	Indiana University Library	Google (internal)	https://books.google.de/books?id=nNXjAAAAMAAJ	gb_nNXjAAAAMAAJ	449	413342
1827	4	Indiana University Library	Google (internal)	https://books.google.de/books?id=3tTjAAAAMAAJ	gb_3tTjAAAAMAAJ	619	609696
1828	1	Library of the University of Oxford	Google (internal)	https://books.google.de/books?id=8ocFAAAAQAAJ	gb_8ocFAAAAQAAJ	463	418163
1828	2	Library of the University of Michigan	Google (internal)	https://books.google.de/books?id=ZTQ4AAAAMAAJ	gb_ZTQ4AAAAMAAJ	451	428267
1828	3	Library of the University of Michigan	Google (internal)	https://books.google.de/books?id=zDQ4AAAAMAAJ	gb_zDQ4AAAAMAAJ	507	474931
1828	4	Library of the University of Michigan	Google (internal)	https://books.google.de/books?id=uBU4AAAAMAAJ	gb_uBU4AAAAMAAJ	579	549206
1829	2	Library of the University of Michigan	Google (internal)	https://books.google.de/books?id=SzA4AAAAMAAJ	gb_SzA4AAAAMAAJ	347	339532
1829	3	Library of University of California	Google (internal)	https://books.google.de/books?id=BM-EAAAAIAAJ	gb_BM-EAAAAIAAJ	359	358239
1829	4	Library of the University of Michigan	Google (internal)	https://books.google.de/books?id=bBc4AAAAMAAJ	gb_bBc4AAAAMAAJ	587	569917
1829	5	Library of University of California	Google (internal)	https://books.google.de/books?id=BdCEAAAAIAAJ	gb_BdCEAAAAIAAJ	537	453032
1829	1	Library of the University of Michigan	Google (internal)	https://books.google.de/books?id=1S84AAAAMAAJ	gb_1S84AAAAMAAJ	349	332462
1830	1	Library of the University of Michigan	Google (internal)	https://books.google.de/books?id=aDI4AAAAMAAJ	gb_aDI4AAAAMAAJ	349	331972
1830	2	Library of University of California	Google (internal)	https://books.google.de/books?id=ldCEAAAAIAAJ	gb_ldCEAAAAIAAJ	345	330197
1830	3	Oxford University	Google (internal)	https://books.google.de/books?id=sogFAAAAQAAJ	gb_sogFAAAAQAAJ	377	361259
1830	4	Library of the University of Michigan	Google (internal)	https://books.google.de/books?id=NjQ4AAAAMAAJ	gb_NjQ4AAAAMAAJ	581	556636
1830	5	Library of the University of Michigan	Google (internal)	https://books.google.de/books?id=xTQ4AAAAMAAJ	gb_xTQ4AAAAMAAJ	427	352820
1831	1	Library of the University of Michigan	Google (internal)	https://books.google.de/books?id=8Bo4AAAAMAAJ	gb_8Bo4AAAAMAAJ	351	329352
1831	2	Library of the University of Michigan	Google (internal)	https://books.google.de/books?id=ZRs4AAAAMAAJ	gb_ZRs4AAAAMAAJ	347	327323
1831	3	Library of the University of Michigan	Google (internal)	https://books.google.de/books?id=6Bs4AAAAMAAJ	gb_6Bs4AAAAMAAJ	375	361017
1831	4	Library of the University of Michigan	Google (internal)	https://books.google.de/books?id=lxw4AAAAMAAJ	gb_lxw4AAAAMAAJ	491	463413
1831	5	Library of the University of Michigan	Google (internal)	https://books.google.de/books?id=BB04AAAAMAAJ	gb_BB04AAAAMAAJ	355	283361
1832	1	Library of the University of Michigan	Google (internal)	https://books.google.de/books?id=Wx04AAAAMAAJ	gb_Wx04AAAAMAAJ	349	326835
1832	2	Library of the University of Oxford	Google (internal)	https://books.google.de/books?id=EYkFAAAAQAAJ	gb_EYkFAAAAQAAJ	347	320564
1832	3	Library of the University of Michigan	Google (internal)	https://books.google.de/books?id=cR44AAAAMAAJ	gb_cR44AAAAMAAJ	377	366189
1832	4_5	Library of Princeton University	Google (internal)	https://books.google.de/books?id=GCBRAAAAYAAJ	gb_GCBRAAAAYAAJ	833	725311
1833	1	Library of the University of Michigan	Google (internal)	https://books.google.de/books?id=9h84AAAAMAAJ	gb_9h84AAAAMAAJ	333	316939
1833	3	Library of the University of Michigan	Google (internal)	https://books.google.de/books?id=4yA4AAAAMAAJ	gb_4yA4AAAAMAAJ	367	358727
1833	4	Library of the University of Michigan	Google (internal)	https://books.google.de/books?id=mSE4AAAAMAAJ	gb_mSE4AAAAMAAJ	499	473217
1833	5	Library of the University of Michigan	Google (internal)	https://books.google.de/books?id=JSI4AAAAMAAJ	gb_JSI4AAAAMAAJ	427	339510
1833	2	Library of the University of Michigan	Google (internal)	https://books.google.de/books?id=aiA4AAAAMAAJ	gb_aiA4AAAAMAAJ	331	315790
1834	1	Library of the University of Oxford	Google (internal)	https://books.google.de/books?id=HYoFAAAAQAAJ	gb_HYoFAAAAQAAJ	333	313107
1834	2	Library of the University of Oxford	Google (internal)	https://books.google.de/books?id=wokFAAAAQAAJ	gb_wokFAAAAQAAJ	330	308213
1834	3	Library of the University of Michigan	Google (internal)	https://books.google.de/books?id=fSM4AAAAMAAJ	gb_fSM4AAAAMAAJ	351	328337
1834	4	Library of the University of Michigan	Google (internal)	https://books.google.de/books?id=cCQ4AAAAMAAJ	gb_cCQ4AAAAMAAJ	525	507976
1834	5	Library of the University of Michigan	Google (internal)	https://books.google.de/books?id=Hig4AAAAMAAJ	gb_Hig4AAAAMAAJ	395	318502
1835	1	Library of the University of Michigan	Google (internal)	https://books.google.de/books?id=fCg4AAAAMAAJ	gb_fCg4AAAAMAAJ	369	352713
1835	2	Library of the University of Michigan	Google (internal)	https://books.google.de/books?id=7yg4AAAAMAAJ	gb_7yg4AAAAMAAJ	319	296618
1835	3	Library of the University of Michigan	Google (internal)	https://books.google.de/books?id=QCk4AAAAMAAJ	gb_QCk4AAAAMAAJ	323	307639
1835	4	Library of the University of Michigan	Google (internal)	https://books.google.de/books?id=GCo4AAAAMAAJ	gb_GCo4AAAAMAAJ	493	470972
1835	5	Library of the University of Michigan	Google (internal)	https://books.google.de/books?id=GSo4AAAAMAAJ	gb_GSo4AAAAMAAJ	347	267158
1836	1	Library of the University of Michigan	Google (internal)	https://books.google.de/books?id=jSo4AAAAMAAJ	gb_jSo4AAAAMAAJ	337	318536
1836	2	Library of the University of Michigan	Google (internal)	https://books.google.de/books?id=8Co4AAAAMAAJ	gb_8Co4AAAAMAAJ	335	322672
1836	3	Library of the University of Michigan	Google (internal)	https://books.google.de/books?id=WCs4AAAAMAAJ	gb_WCs4AAAAMAAJ	357	342908
1836	4	Library of the University of Michigan	Google (internal)	https://books.google.de/books?id=2Ss4AAAAMAAJ	gb_2Ss4AAAAMAAJ	491	469380
1836	5	Library of the University of Michigan	Google (internal)	https://books.google.de/books?id=Qiw4AAAAMAAJ	gb_Qiw4AAAAMAAJ	327	254320
1837	1	Library of the University of Michigan	Google (internal)	https://books.google.de/books?id=wiw4AAAAMAAJ	gb_wiw4AAAAMAAJ	331	312518
1837	2	Library of the University of Michigan	Google (internal)	https://books.google.de/books?id=Di04AAAAMAAJ	gb_Di04AAAAMAAJ	331	313652
1837	3	Library of the University of Michigan	Google (internal)	https://books.google.de/books?id=iS04AAAAMAAJ	gb_iS04AAAAMAAJ	331	311600
1837	4	Library of the University of Michigan	Google (internal)	https://books.google.de/books?id=hS84AAAAMAAJ	gb_hS84AAAAMAAJ	491	477192
1837	5	Library of the University of Michigan	Google (internal)	https://books.google.de/books?id=kCM4AAAAMAAJ	gb_kCM4AAAAMAAJ	433	361750
1838	1	Library of the University of Michigan	Google (internal)	https://books.google.de/books?id=PRU4AAAAMAAJ	gb_PRU4AAAAMAAJ	331	308005
1838	2	Library of the University of Michigan	Google (internal)	https://books.google.de/books?id=5Dc4AAAAMAAJ	gb_5Dc4AAAAMAAJ	331	312392
1838	3	Library of the University of Michigan	Google (internal)	https://books.google.de/books?id=5Tc4AAAAMAAJ	gb_5Tc4AAAAMAAJ	333	307503
1838	4	Library of the University of Michigan	Google (internal)	https://books.google.de/books?id=Izk4AAAAMAAJ	gb_Izk4AAAAMAAJ	463	447175
1838	5	Library of the University of Michigan	Google (internal)	https://books.google.de/books?id=wTk4AAAAMAAJ	gb_wTk4AAAAMAAJ	371	295253
1839	1	Library of the University of Michigan	Google (internal)	https://books.google.de/books?id=7hY4AAAAMAAJ	gb_7hY4AAAAMAAJ	315	264826
1839	2	Library of the University of Michigan	Google (internal)	https://books.google.de/books?id=Mxc4AAAAMAAJ	gb_Mxc4AAAAMAAJ	317	263093
1839	4	Library of the University of Michigan	Google (internal)	https://books.google.de/books?id=Chg4AAAAMAAJ	gb_Chg4AAAAMAAJ	459	388930
1839	5	Library of the University of Michigan	Google (internal)	https://books.google.de/books?id=Yxg4AAAAMAAJ	gb_Yxg4AAAAMAAJ	323	247255
1840	3	Library of the University of Michigan	Google (internal)	https://books.google.de/books?id=rzA4AAAAMAAJ	gb_rzA4AAAAMAAJ	343	287197
1840	4_5	Oxford University	Google (internal)	https://books.google.de/books?id=rYsFAAAAQAAJ	gb_rYsFAAAAQAAJ	801	670142
1841	4	Library of the University of Michigan	Google (internal)	https://books.google.de/books?id=mxs4AAAAMAAJ	gb_mxs4AAAAMAAJ	447	370034
1841	1_2	Library of the University of Michigan	Google (internal)	https://books.google.de/books?id=-hk4AAAAMAAJ	gb_-hk4AAAAMAAJ	623	517790
1841	3_5	Library of the University of Michigan	Google (internal)	https://books.google.de/books?id=RzI4AAAAMAAJ	gb_RzI4AAAAMAAJ	585	490674
1842	3	Library of the University of Michigan	Google (internal)	https://books.google.de/books?id=DR04AAAAMAAJ	gb_DR04AAAAMAAJ	627	549091
1842	4	Library of the University of Michigan	Google (internal)	https://books.google.de/books?id=hB04AAAAMAAJ	gb_hB04AAAAMAAJ	435	359588
1842	1_2	Library of the University of Michigan	Google (internal)	https://books.google.de/books?id=Txw4AAAAMAAJ	gb_Txw4AAAAMAAJ	623	520792
1843	3_5	Library of the University of Michigan	Google (internal)	https://books.google.de/books?id=7R44AAAAMAAJ	gb_7R44AAAAMAAJ	679	616234
1843	4_5	Library of University of California	Google (internal)	https://books.google.de/books?id=qsaEAAAAIAAJ	gb_qsaEAAAAIAAJ	799	717345
1844	1	Library of Princeton University	Google (internal)	https://books.google.de/books?id=MHlIAAAAYAAJ	gb_MHlIAAAAYAAJ	683	555281
1844	2_3	Library of Princeton University	Google (internal)	https://books.google.de/books?id=Fy9RAAAAYAAJ	gb_Fy9RAAAAYAAJ	1069	970618
1845	2	Harvard University Library	Google (internal)	https://books.google.de/books?id=blErAAAAYAAJ	gb_blErAAAAYAAJ	801	707796
1845	1	University of Illinois Urbana-Champaign	Tesseract 4.0	https://archive.org/details/allgemeinelitera1845unse	allgemeinelitera1845unse	604	494164
1845	IB	Library of University of California	Google (internal)	https://books.google.de/books?id=h8eEAAAAIAAJ	gb_h8eEAAAAIAAJ	657	688621
1846	1	Harvard University Library	Google (internal)	https://books.google.de/books?id=cIgrAAAAYAAJ	gb_cIgrAAAAYAAJ	727	614897
1846	2	Library of Princeton University	Google (internal)	https://books.google.de/books?id=yi9RAAAAYAAJ	gb_yi9RAAAAYAAJ	913	794146
1846	IB	New York Public Library	Google (internal)	https://books.google.de/books?id=SZUKAAAAYAAJ	gb_SZUKAAAAYAAJ	319	312229
1847	2	University of Illinois Urbana-Champaign	Tesseract 4.0	https://archive.org/details/allgemeinelitera1847unse	allgemeinelitera1847unse	908	804936
1848	1	Oxford University	Tesseract 4.0	https://archive.org/details/allgemeineliter253unkngoog	allgemeineliter253unkngoog	595	489574
1849	1_2_3	Library of Princeton University	Google (internal)	https://books.google.de/books?id=gR5RAAAAYAAJ	gb_gR5RAAAAYAAJ	1339	1118089
1847_1848_1849	IB	Library of University of California	Google (internal)	https://books.google.de/books?id=jKuEAAAAIAAJ	gb_jKuEAAAAIAAJ	657	614591
