gb_ogs4AAAAMAAJ	0212	90	des a= a ſtehend, Einbildungskraft (S. 37.). Ä die	https://books.google.de/books?id=ogs4AAAAMAAJ
gb_ogs4AAAAMAAJ	0340	14	fühl und reger Einbildungskraft bekannt gemacht,	https://books.google.de/books?id=ogs4AAAAMAAJ
gb_ogs4AAAAMAAJ	0341	26	aus ſeiner eignen Einbildungskraft und ſeinem fein füh	https://books.google.de/books?id=ogs4AAAAMAAJ
gb_ogs4AAAAMAAJ	0349	113	Einbildungskraft unter der Leitung des Verſtandes	https://books.google.de/books?id=ogs4AAAAMAAJ
gb_ogs4AAAAMAAJ	0377	99	332 S. gr.-8.) vereinigen ſich Einbildungskraft und Ge	https://books.google.de/books?id=ogs4AAAAMAAJ
gb_ogs4AAAAMAAJ	0486	44	politiſche Gegenſtände, z. B. die Einbildungskraft und	https://books.google.de/books?id=ogs4AAAAMAAJ
gb_ogs4AAAAMAAJ	0497	92	mit reger Einbildungskraft viel Verſtand und nicht ge	https://books.google.de/books?id=ogs4AAAAMAAJ
gb_ogs4AAAAMAAJ	0573	35	Einbildungskraft, productive, I, 203.	https://books.google.de/books?id=ogs4AAAAMAAJ
gb_t9fjAAAAMAAJ	0064	27	ie Einbildungskraft, als den Verſtand, der hiſtori	https://books.google.de/books?id=t9fjAAAAMAAJ
gb_t9fjAAAAMAAJ	0064	35	üben, und die Einbildungskraft vergnügen wollen,	https://books.google.de/books?id=t9fjAAAAMAAJ
gb_t9fjAAAAMAAJ	0197	37	die Einbildungskraft. – Kant's Charakteriſtik von	https://books.google.de/books?id=t9fjAAAAMAAJ
gb_t9fjAAAAMAAJ	0358	37	Einbildungskraft eben ſo den Pinſel geführt, wie	https://books.google.de/books?id=t9fjAAAAMAAJ
gb_WCs4AAAAMAAJ	0057	53	Regulirung der Einbildungskraft. Nr. Y. giebt ei	https://books.google.de/books?id=WCs4AAAAMAAJ
gb_WCs4AAAAMAAJ	0072	63	mal unserer Einbildungskraft bemächtigt haben und	https://books.google.de/books?id=WCs4AAAAMAAJ
gb_WCs4AAAAMAAJ	0152	66	Einbildungskraft, die Urtheilskraft, das Begeh	https://books.google.de/books?id=WCs4AAAAMAAJ
gb_WCs4AAAAMAAJ	0164	31	bei welcher schaffende Einbildungskraft und Tiefe	https://books.google.de/books?id=WCs4AAAAMAAJ
gb_WCs4AAAAMAAJ	0166	99	stehen, wollen u. s. w., wir auch eine Einbildungskraft, einen Verstand, einen Willen u. s. w. haben	https://books.google.de/books?id=WCs4AAAAMAAJ
gb_WCs4AAAAMAAJ	0166	100	müssen; nur sey diese Einbildungskraft, dieser Ver	https://books.google.de/books?id=WCs4AAAAMAAJ
gb_WCs4AAAAMAAJ	0167	103	Eine Einbildungskraft, Einen Verstand u. s. w. habe,	https://books.google.de/books?id=WCs4AAAAMAAJ
gb_WCs4AAAAMAAJ	0299	93	sich aller Auffassung durch die Einbildungskraft ge	https://books.google.de/books?id=WCs4AAAAMAAJ
gb_WCs4AAAAMAAJ	0310	30	gangeneThaten dienen: die Einbildungskraft zu näh	https://books.google.de/books?id=WCs4AAAAMAAJ
gb_T5UKAAAAYAAJ	0066	56	pfungen der Einbildungskraft, bilden: ein Inbegriff	https://books.google.de/books?id=T5UKAAAAYAAJ
gb_T5UKAAAAYAAJ	0066	74	fiko- Hagiologie fand die Einbildungskraft keinén	https://books.google.de/books?id=T5UKAAAAYAAJ
gb_T5UKAAAAYAAJ	0096	106	Schwung einer mächtigen und kühnen Einbildungskraft unterſtützte." – „ Von einem ſo beſchaffnen	https://books.google.de/books?id=T5UKAAAAYAAJ
gb_T5UKAAAAYAAJ	0310	88	der Einbildungskraft iſt. Es iſt eine vergebliche Mühe	https://books.google.de/books?id=T5UKAAAAYAAJ
gb_T5UKAAAAYAAJ	0315	40	der Einbildungskraft, die Idee des Unendlichen und	https://books.google.de/books?id=T5UKAAAAYAAJ
gb_T5UKAAAAYAAJ	0387	102	eſunden Geſchmacke ungezügelten Einbildungskraft	https://books.google.de/books?id=T5UKAAAAYAAJ
gb_T5UKAAAAYAAJ	0389	41	fruchtbarſte Einbildungskraft freylich keine intereſ	https://books.google.de/books?id=T5UKAAAAYAAJ
gb_T5UKAAAAYAAJ	0389	61	fen, was ſeiner reichen Einbildungskraft Stoff gab:	https://books.google.de/books?id=T5UKAAAAYAAJ
gb_T5UKAAAAYAAJ	0391	48	zenden Effect zu machen, die Einbildungskraft zu	https://books.google.de/books?id=T5UKAAAAYAAJ
gb_T5UKAAAAYAAJ	0391	98	ter Einbildungskraft gefällt vielleicht ſchon die vor	https://books.google.de/books?id=T5UKAAAAYAAJ
gb_T5UKAAAAYAAJ	0392	15	die Sprünge der EinbildungskraftÄ duldet, wel	https://books.google.de/books?id=T5UKAAAAYAAJ
gb_T5UKAAAAYAAJ	0392	27	geachtet etlicher Situationen, die auf die Einbildungskraft und wirklich auch auf die Empfindung ſtark	https://books.google.de/books?id=T5UKAAAAYAAJ
gb_T5UKAAAAYAAJ	0414	74	Kräfte. Auch Verſtand, Vernunft, Einbildungskraft	https://books.google.de/books?id=T5UKAAAAYAAJ
gb_T5UKAAAAYAAJ	0415	68	ömmt die Redensart vor: Unſere Einbildungskraft	https://books.google.de/books?id=T5UKAAAAYAAJ
gb_T5UKAAAAYAAJ	0419	117	lichkeit, ſich nicht fj finden, deren Einbildungskraft ſo mit Furcht vor dem Croup erfüllt iſt und Ä	https://books.google.de/books?id=T5UKAAAAYAAJ
gb_T5UKAAAAYAAJ	0439	98	der dürch die Einbildungskraft bewirkten Vereini	https://books.google.de/books?id=T5UKAAAAYAAJ
gb_T5UKAAAAYAAJ	0498	97	trage, der an die Einbildungskraft und Empfindung	https://books.google.de/books?id=T5UKAAAAYAAJ
gb_mxs4AAAAMAAJ	0182	63	schen, namentlich Einbildungskraft und Gedächtniss,	https://books.google.de/books?id=mxs4AAAAMAAJ
gb_mxs4AAAAMAAJ	0187	14	geeignet wären, die Einbildungskraft zu erschrecken	https://books.google.de/books?id=mxs4AAAAMAAJ
gb_mxs4AAAAMAAJ	0265	66	erfordert es nach R. eine rege Einbildungskraft; die	https://books.google.de/books?id=mxs4AAAAMAAJ
gb_5KAKAAAAYAAJ	0026	80	un die Täuſchung einer geſpannten Einbildungskraft	https://books.google.de/books?id=5KAKAAAAYAAJ
gb_5KAKAAAAYAAJ	0057	100	Einbildungskraft, des Witzes und Scharfſinns, der Urtheils	https://books.google.de/books?id=5KAKAAAAYAAJ
gb_5KAKAAAAYAAJ	0057	103	den früheſten Jahren, wo ihre Einbildungskraft überdieſs ſo	https://books.google.de/books?id=5KAKAAAAYAAJ
gb_5KAKAAAAYAAJ	0057	107	ſetzt vorzüglich die Einbildungskraft in Bewegung, und alles	https://books.google.de/books?id=5KAKAAAAYAAJ
gb_5KAKAAAAYAAJ	0086	61	der Einbildungskraft, und durchaus gehörige Bildun	https://books.google.de/books?id=5KAKAAAAYAAJ
gb_5KAKAAAAYAAJ	0192	67	erc: ein feiner Einbildungskraft Mariane wieder, und	https://books.google.de/books?id=5KAKAAAAYAAJ
gb_5KAKAAAAYAAJ	0264	61	Ekel erweckt, was den Sinnen und der Einbildungskraft unangenehm iſt; ſie ſchreibt jedem Alter, jedem	https://books.google.de/books?id=5KAKAAAAYAAJ
gb_5KAKAAAAYAAJ	0307	4	höheres Muthes, lebhafterer Einbildungskraft." Daſs	https://books.google.de/books?id=5KAKAAAAYAAJ
gb_5KAKAAAAYAAJ	0307	8	Einbildungskraft ſo eingenommen iſt, daſs er in der	https://books.google.de/books?id=5KAKAAAAYAAJ
gb_5KAKAAAAYAAJ	0307	16	erdenken, und mit Hülfe der Einbildungskraft in ih	https://books.google.de/books?id=5KAKAAAAYAAJ
gb_5KAKAAAAYAAJ	0324	47	Sinnen, der Einbildungskraft, dem Gedächtniſs u. ſ. w.	https://books.google.de/books?id=5KAKAAAAYAAJ
gb_5KAKAAAAYAAJ	0398	100	ichkeit - die Einbildungskraft, die natürjhjj	https://books.google.de/books?id=5KAKAAAAYAAJ
gb_5KAKAAAAYAAJ	0418	46	man der Einbildungskraft durch ein richtiges Bild	https://books.google.de/books?id=5KAKAAAAYAAJ
gb_5KAKAAAAYAAJ	0422	57	Einbildungskraft gewähren. Der vollkommenſte fröh	https://books.google.de/books?id=5KAKAAAAYAAJ
gb_5KAKAAAAYAAJ	0426	85	und reger Einbildungskraft natürlich. as phy	https://books.google.de/books?id=5KAKAAAAYAAJ
gb_5KAKAAAAYAAJ	0428	3	nicht dargeſtellt werden kann. Die Einbildungskraft	https://books.google.de/books?id=5KAKAAAAYAAJ
gb_5KAKAAAAYAAJ	0429	49	an Gefühl und Einbildungskraft fehlt, ſich zu befin	https://books.google.de/books?id=5KAKAAAAYAAJ
gb_5KAKAAAAYAAJ	0475	34	der Einbildungskraft feſſeln, wechſeln mit ſolchen,	https://books.google.de/books?id=5KAKAAAAYAAJ
gb_5KAKAAAAYAAJ	0556	49	ſchen Lebens durch die Einbildungskraft auszumahlen,	https://books.google.de/books?id=5KAKAAAAYAAJ
gb_5KAKAAAAYAAJ	0595	72	der Einbildungskraft beweiſen nichts mehr, als daſs	https://books.google.de/books?id=5KAKAAAAYAAJ
gb_BB04AAAAMAAJ	0130	89	müth angeregt, seine Einbildungskraft bereichert und	https://books.google.de/books?id=BB04AAAAMAAJ
gb_rYsFAAAAQAAJ	0304	76	des Kranken eine ziemlich lebhafte Einbildungskraft,	https://books.google.de/books?id=rYsFAAAAQAAJ
gb_lyFRAAAAYAAJ	0156	62	meines Lebens die Werke der Einbildungskraft ge-	https://books.google.de/books?id=lyFRAAAAYAAJ
gb_lyFRAAAAYAAJ	0159	37	fiihle in der schôpferisch gemachten Einbildungskraft	https://books.google.de/books?id=lyFRAAAAYAAJ
gb_lyFRAAAAYAAJ	0194	19	Einbildungskraft nicht zu trennen vermôge. Bey ge-	https://books.google.de/books?id=lyFRAAAAYAAJ
gb_lyFRAAAAYAAJ	0315	24	Einbildungskraft, ein reichhaltig -interessantes Werk	https://books.google.de/books?id=lyFRAAAAYAAJ
gb_lyFRAAAAYAAJ	0325	4	bräuche, welche die Einbildungskraft und das Ge	https://books.google.de/books?id=lyFRAAAAYAAJ
gb_lyFRAAAAYAAJ	0611	58	Vermifst in ihnen fchôpferuche Einbildungskraft	https://books.google.de/books?id=lyFRAAAAYAAJ
gb_lyFRAAAAYAAJ	0698	83	passive Einbildungskraft und Phantafìe, Analogon	https://books.google.de/books?id=lyFRAAAAYAAJ
gb_lyFRAAAAYAAJ	0698	89	Hauptkràften. Erinnerung, active Einbildungskraft	https://books.google.de/books?id=lyFRAAAAYAAJ
gb_lyFRAAAAYAAJ	1103	60	hende Einbildungskraft in ihrem Fluge ihn abreifr.	https://books.google.de/books?id=lyFRAAAAYAAJ
gb_Txw4AAAAMAAJ	0075	53	fühl und Einbildungskraft durch die kühnsten Bil	https://books.google.de/books?id=Txw4AAAAMAAJ
gb_Txw4AAAAMAAJ	0393	57	Vernunft, sondern der Einbildungskraft, der abso	https://books.google.de/books?id=Txw4AAAAMAAJ
gb_Txw4AAAAMAAJ	0393	59	Einbildungskraft identische Wille, oder die Willkür.	https://books.google.de/books?id=Txw4AAAAMAAJ
gb_Txw4AAAAMAAJ	0393	66	nichts Anderes, als die Macht der Einbildungskraft,	https://books.google.de/books?id=Txw4AAAAMAAJ
gb_Txw4AAAAMAAJ	0393	67	S. 168. Diese Macht der Einbildungskraft spielt	https://books.google.de/books?id=Txw4AAAAMAAJ
gb_Txw4AAAAMAAJ	0399	97	aber Nichts anderes, als die Macht der Einbildungskraft". S. 168: ja, das Wunder ist „der religiöse	https://books.google.de/books?id=Txw4AAAAMAAJ
gb_Txw4AAAAMAAJ	0456	82	eine Idee dar, welche seine Einbildungskraft er	https://books.google.de/books?id=Txw4AAAAMAAJ
gb_Txw4AAAAMAAJ	0513	53	hafte Einbildungskraft ihn öfters verleitet habe,	https://books.google.de/books?id=Txw4AAAAMAAJ
gb_NtXjAAAAMAAJ	0253	36	lebung der Einbildungskraft, Erhebung und Berei	https://books.google.de/books?id=NtXjAAAAMAAJ
gb_NtXjAAAAMAAJ	0255	114	täuben oder die Einbildungskraft einnehmen kann,	https://books.google.de/books?id=NtXjAAAAMAAJ
gb_NtXjAAAAMAAJ	0295	115	meine Einbildungskraft mit tauſend glänzenden	https://books.google.de/books?id=NtXjAAAAMAAJ
gb_NtXjAAAAMAAJ	0393	102	ſolcher Kenntniſſe, und, indem er die Einbildungskraft und den Glauben der Kranken in Anſpruch	https://books.google.de/books?id=NtXjAAAAMAAJ
gb_gR5RAAAAYAAJ	0093	116	die Macht der Einbildungskraft zurückgeführt wer	https://books.google.de/books?id=gR5RAAAAYAAJ
gb_gR5RAAAAYAAJ	0507	23	Einbildungskraft auf die Frucht. 3. Zur Heilquel	https://books.google.de/books?id=gR5RAAAAYAAJ
gb_gR5RAAAAYAAJ	0775	56	Einbildungskraft und dem Verstande, oder wieder	https://books.google.de/books?id=gR5RAAAAYAAJ
gb_XdzjAAAAMAAJ	0032	91	ven – Einbildungskraft – Gedächtniſs, in ihrer Ver	https://books.google.de/books?id=XdzjAAAAMAAJ
gb_XdzjAAAAMAAJ	0032	101	det durch die Einbildungskraft (?). Dadurch entſteht	https://books.google.de/books?id=XdzjAAAAMAAJ
gb_XdzjAAAAMAAJ	0224	104	der Birid hat ſich die orientaliſche Einbildungskraft	https://books.google.de/books?id=XdzjAAAAMAAJ
gb_XdzjAAAAMAAJ	0245	5	ſtand, eine veredelte Einbildungskraft, vielumfaſ	https://books.google.de/books?id=XdzjAAAAMAAJ
gb_XdzjAAAAMAAJ	0283	32	anlage in Anſehung der productiven Einbildungskraft erklärt wird, wodurch die Natur im Menſchen	https://books.google.de/books?id=XdzjAAAAMAAJ
gb_XdzjAAAAMAAJ	0283	115	der Einbildungskraft durch Dichtung und daraus ent	https://books.google.de/books?id=XdzjAAAAMAAJ
gb_XdzjAAAAMAAJ	0284	71	nennen, weil die Einbildungskraft des Künſtlers und	https://books.google.de/books?id=XdzjAAAAMAAJ
gb_XdzjAAAAMAAJ	0327	109	ne geſchäftige Einbildungskraft erfülle dieſs Jenſeit	https://books.google.de/books?id=XdzjAAAAMAAJ
gb_XdzjAAAAMAAJ	0328	95	Nerven, eine Gaukeley der Einbildungskraft, oder	https://books.google.de/books?id=XdzjAAAAMAAJ
gb_XdzjAAAAMAAJ	0395	36	den, da die Einbildungskraft deſſelben Ät V6? I'-	https://books.google.de/books?id=XdzjAAAAMAAJ
gb_XdzjAAAAMAAJ	0507	6	ſchränke, Gedächtniſs und Einbildungskraft u. ſ. w.	https://books.google.de/books?id=XdzjAAAAMAAJ
gb_XdzjAAAAMAAJ	0524	12	teriſche Einbildungskraft hat an der Erſchaffung deſ	https://books.google.de/books?id=XdzjAAAAMAAJ
gb_jKuEAAAAIAAJ_1847	0165	71	die Einbildungskraft auf eine sittliche Weise bewegt	https://books.google.de/books?id=jKuEAAAAIAAJ
gb_MSlRAAAAYAAJ	0007	51	der Natur der Einbildungskraft. Dièse aber, zu den	https://books.google.de/books?id=MSlRAAAAYAAJ
gb_MSlRAAAAYAAJ	0013	51	der Natur der Einbildungskraft. Dièse aber, zu dea	https://books.google.de/books?id=MSlRAAAAYAAJ
gb_MSlRAAAAYAAJ	0019	26	schöpferischen Einbildungskraft , einer reichen Fülle	https://books.google.de/books?id=MSlRAAAAYAAJ
gb_MSlRAAAAYAAJ	0090	114	Natur nach ein Product der Einbildungskraft feyn	https://books.google.de/books?id=MSlRAAAAYAAJ
gb_MSlRAAAAYAAJ	0328	29	diesen feine blühende Einbildungskraft zuweilen	https://books.google.de/books?id=MSlRAAAAYAAJ
gb_MSlRAAAAYAAJ	0455	68	wo fie unsere Einbildungskraft heftig entzûnden,	https://books.google.de/books?id=MSlRAAAAYAAJ
gb_MSlRAAAAYAAJ	0557	29	JJeschreibungen von Minaji. Die Einbildungskraft mag	https://books.google.de/books?id=MSlRAAAAYAAJ
gb_1S84AAAAMAAJ	0173	39	giſch behandelt. Alles, was die Einbildungskraft	https://books.google.de/books?id=1S84AAAAMAAJ
gb_1S84AAAAMAAJ	0209	12	ideen, den Verſtand mit Begriffen, die Einbildungskraft mit Anſchauungen, das Gemüth mit Empfin	https://books.google.de/books?id=1S84AAAAMAAJ
gb_1S84AAAAMAAJ	0243	21	Livius mehr der Einbildungskraft durch eine ro	https://books.google.de/books?id=1S84AAAAMAAJ
gb_1S84AAAAMAAJ	0283	75	warnt davor, ſich durch das Spiel der Einbildungskraft leiten zu laſſen. Dieſs zugegeben, fcheint uns	https://books.google.de/books?id=1S84AAAAMAAJ
gb_1S84AAAAMAAJ	0283	80	Einbildungskraft vermag er ſich das ganze Bild einer	https://books.google.de/books?id=1S84AAAAMAAJ
gb_1S84AAAAMAAJ	0323	74	a) Verſtand und Vernunft, b) Einbildungskraft,	https://books.google.de/books?id=1S84AAAAMAAJ
gb_hB04AAAAMAAJ	0261	22	rische Einbildungskraft, wie sie in H. wohnte, fast	https://books.google.de/books?id=hB04AAAAMAAJ
gb_8ocFAAAAQAAJ	0121	43	Abtheilung gehandelt wird, unserer Einbildungskraft gleichviel zu. Von mehr Gewicht ili schon die	https://books.google.de/books?id=8ocFAAAAQAAJ
gb_8ocFAAAAQAAJ	0250	47	weder als schöpferische, denkende Einbildungskraft	https://books.google.de/books?id=8ocFAAAAQAAJ
gb_8ocFAAAAQAAJ	0388	30	Einbildungskraft. Zwar haben sich manche Irrthü-	https://books.google.de/books?id=8ocFAAAAQAAJ
gb_8ocFAAAAQAAJ	0402	69	Einbildungskraft keine Einrichtung ausdenken kön	https://books.google.de/books?id=8ocFAAAAQAAJ
gb_8ocFAAAAQAAJ	0431	39	kunst, auf Einbildungskraft und Gemüth zu wirken,	https://books.google.de/books?id=8ocFAAAAQAAJ
gb_8ocFAAAAQAAJ	0440	100	Einbildungskraft, die andern, als Bath der Alten	https://books.google.de/books?id=8ocFAAAAQAAJ
gb_nNXjAAAAMAAJ	0111	69	Drama bloſs aus der Einbildungskraft nahm; aber	https://books.google.de/books?id=nNXjAAAAMAAJ
gb_nNXjAAAAMAAJ	0143	17	ſo muſs es durch eine kräftige, die Einbildungskraft	https://books.google.de/books?id=nNXjAAAAMAAJ
gb_nNXjAAAAMAAJ	0144	68	mit reinen Erfindungen der Einbildungskraft, nur	https://books.google.de/books?id=nNXjAAAAMAAJ
gb_nNXjAAAAMAAJ	0179	40	war. Mit kühnem Fluge der Einbildungskraft er	https://books.google.de/books?id=nNXjAAAAMAAJ
gb_nNXjAAAAMAAJ	0262	97	Form Einbildungskraft und Verſtand des Wahrneh	https://books.google.de/books?id=nNXjAAAAMAAJ
gb_nNXjAAAAMAAJ	0296	42	6. Verhältniſs der Einbildungskraft zu derſelben.	https://books.google.de/books?id=nNXjAAAAMAAJ
gb_nNXjAAAAMAAJ	0343	53	det. Sobald ſich die Einbildungskraft wieder ab	https://books.google.de/books?id=nNXjAAAAMAAJ
gb_zDQ4AAAAMAAJ	0139	22	der Ioniſchen Einbildungskraft gewährt? Selbſt	https://books.google.de/books?id=zDQ4AAAAMAAJ
gb_zDQ4AAAAMAAJ	0204	110	die Einbildungskraft ſich erhitzt und die religiöſe	https://books.google.de/books?id=zDQ4AAAAMAAJ
gb_zDQ4AAAAMAAJ	0352	84	und der Einbildungskraft von der Aufgabe des	https://books.google.de/books?id=zDQ4AAAAMAAJ
gb_zDQ4AAAAMAAJ	0353	27	Einbildungskraft verlangt, – und weil alle Erzeug	https://books.google.de/books?id=zDQ4AAAAMAAJ
gb_zDQ4AAAAMAAJ	0353	44	der Einbildungskraft; wir verlangen ferner von dem	https://books.google.de/books?id=zDQ4AAAAMAAJ
gb_zDQ4AAAAMAAJ	0365	55	Einbildungskraft der Jugend wird auf eine ruhige nütz	https://books.google.de/books?id=zDQ4AAAAMAAJ
gb_zDQ4AAAAMAAJ	0416	53	tat der Entwickelung einer fruchtbaren Einbildungskraft und eines tiefund vielſeitig angeregten Gefühls,	https://books.google.de/books?id=zDQ4AAAAMAAJ
gb_HYoFAAAAQAAJ	0012	96	Vorstellungen einer kränkelnden Einbildungskraft in	https://books.google.de/books?id=HYoFAAAAQAAJ
gb_HYoFAAAAQAAJ	0065	105	zaubern , wobei der Einbildungskraft oft ein weif''	https://books.google.de/books?id=HYoFAAAAQAAJ
gb_HYoFAAAAQAAJ	0068	67	dankenlaufe (Gedächtnis», Einbildungskraft u. s. w.).	https://books.google.de/books?id=HYoFAAAAQAAJ
gb_HYoFAAAAQAAJ	0070	60	der Anschauung (Einbildungskraft), der Begriffe	https://books.google.de/books?id=HYoFAAAAQAAJ
gb_HYoFAAAAQAAJ	0070	92	ductive) Einbildungskraft, überhaupt für alles wobei	https://books.google.de/books?id=HYoFAAAAQAAJ
gb_HYoFAAAAQAAJ	0073	4	vonGedächtnise, Association, Einbildungskraft, und	https://books.google.de/books?id=HYoFAAAAQAAJ
gb_HYoFAAAAQAAJ	0073	17	ductive Einbildungskraft ihr erstes Geschäft der (un	https://books.google.de/books?id=HYoFAAAAQAAJ
gb_HYoFAAAAQAAJ	0073	25	die reprod. Einbildungskraft alle diejenigen Vorstel-	https://books.google.de/books?id=HYoFAAAAQAAJ
gb_HYoFAAAAQAAJ	0073	29	ductive Einbildungskraft hinzu , welche den zerstreu	https://books.google.de/books?id=HYoFAAAAQAAJ
gb_HYoFAAAAQAAJ	0073	44	die Schemata der Einbildungskraft von Wichtigkeit,	https://books.google.de/books?id=HYoFAAAAQAAJ
gb_HYoFAAAAQAAJ	0074	35	der höhern Bedeutung, welche die Einbildungskraft	https://books.google.de/books?id=HYoFAAAAQAAJ
gb_HYoFAAAAQAAJ	0074	93	welche der Sprachgebrauch der Einbildungskraft zu	https://books.google.de/books?id=HYoFAAAAQAAJ
gb_HYoFAAAAQAAJ	0075	11	• hei der prodnetiven Einbildungskraft; denn die An	https://books.google.de/books?id=HYoFAAAAQAAJ
gb_HYoFAAAAQAAJ	0075	29	unterworfene productive Einbildungskraft." InUeber-	https://books.google.de/books?id=HYoFAAAAQAAJ
gb_HYoFAAAAQAAJ	0075	49	in der Einbildungskraft, der Ort, den Grund der	https://books.google.de/books?id=HYoFAAAAQAAJ
gb_HYoFAAAAQAAJ	0075	62	da schon in der repfoduethen Einbildungskraft das auf	https://books.google.de/books?id=HYoFAAAAQAAJ
gb_HYoFAAAAQAAJ	0075	104	Einbildungskraft, nach Kant, der die Terminologie	https://books.google.de/books?id=HYoFAAAAQAAJ
gb_HYoFAAAAQAAJ	0079	52	des mit der Einbildungskraft unter sein oberstes	https://books.google.de/books?id=HYoFAAAAQAAJ
gb_HYoFAAAAQAAJ	0186	97	Einbildungskraft einen um so hoheren Schwung	https://books.google.de/books?id=HYoFAAAAQAAJ
gb_HYoFAAAAQAAJ	0224	21	vermittelnden Kinflusse der Einbildungskraft ste-	https://books.google.de/books?id=HYoFAAAAQAAJ
gb_cR44AAAAMAAJ	0060	61	die Einbildungskraft oder mehr das Gefühl in dem	https://books.google.de/books?id=cR44AAAAMAAJ
gb_cR44AAAAMAAJ	0060	98	Einbildungskraft, oder des Gefühles; mithin immer	https://books.google.de/books?id=cR44AAAAMAAJ
gb_cR44AAAAMAAJ	0122	106	übrigens die Einbildungskraft, ohne die Erfahrung zu	https://books.google.de/books?id=cR44AAAAMAAJ
gb_cR44AAAAMAAJ	0134	61	schreibt), „welche die Einbildungskraft, die bey	https://books.google.de/books?id=cR44AAAAMAAJ
gb_cR44AAAAMAAJ	0169	78	junge Base Miſs Parker, seine Einbildungskraft ge	https://books.google.de/books?id=cR44AAAAMAAJ
gb_uBU4AAAAMAAJ	0052	27	allein ſie die Einbildungskraft des Verfaſſers geſchaf	https://books.google.de/books?id=uBU4AAAAMAAJ
gb_uBU4AAAAMAAJ	0105	8	darum durch die Einbildungskraft Syſteme von den	https://books.google.de/books?id=uBU4AAAAMAAJ
gb_uBU4AAAAMAAJ	0196	67	Einbildungskraft von Zeit zu Zeit lebhaft aufregende	https://books.google.de/books?id=uBU4AAAAMAAJ
gb_uBU4AAAAMAAJ	0249	77	fühl und Einbildungskraft ſich ergehen, fireng ab	https://books.google.de/books?id=uBU4AAAAMAAJ
gb_uBU4AAAAMAAJ	0472	79	taliſche Einbildungskraft erregt. Und was war wohl	https://books.google.de/books?id=uBU4AAAAMAAJ
gb_uBU4AAAAMAAJ	0473	99	ſtellte der regen Einbildungskraft die Wiederauf	https://books.google.de/books?id=uBU4AAAAMAAJ
gb_uBU4AAAAMAAJ	0477	83	ſeine Einbildungskraft feſſelt. Sprache und Versbau	https://books.google.de/books?id=uBU4AAAAMAAJ
gb_blErAAAAYAAJ	0159	11	starken Einbildungskraft und einem reizbaren Her	https://books.google.de/books?id=blErAAAAYAAJ
gb_blErAAAAYAAJ	0159	12	zen, welches die Einbildungskraft leicht in Schwung	https://books.google.de/books?id=blErAAAAYAAJ
gb_blErAAAAYAAJ	0159	15	selbst willen, sondern Einbildungskraft und philo	https://books.google.de/books?id=blErAAAAYAAJ
gb_blErAAAAYAAJ	0332	56	oder prodcutiven Einbildungskraft individuelles Le	https://books.google.de/books?id=blErAAAAYAAJ
gb_blErAAAAYAAJ	0332	57	ben, welche Einbildungskraft sich von der re	https://books.google.de/books?id=blErAAAAYAAJ
gb_Di04AAAAMAAJ	0069	11	Ideen, welche ihre Einbildungskraft erfüllen, sinn	https://books.google.de/books?id=Di04AAAAMAAJ
gb_Di04AAAAMAAJ	0070	33	Einbildungskraft; er betrachtet mit Erstaunen, ja	https://books.google.de/books?id=Di04AAAAMAAJ
gb_Di04AAAAMAAJ	0072	96	seine feurige Einbildungskraft, muſsten sich bald	https://books.google.de/books?id=Di04AAAAMAAJ
gb_Di04AAAAMAAJ	0295	6	Ding erklärt. – Die Einbildungskraft ist der Name	https://books.google.de/books?id=Di04AAAAMAAJ
gb_VZUKAAAAYAAJ	0012	32	ven Einbildungskraft und der mathematiſchen Con	https://books.google.de/books?id=VZUKAAAAYAAJ
gb_VZUKAAAAYAAJ	0015	88	wurzeln; der Einbildungskraft, ſo fern ſie das ur	https://books.google.de/books?id=VZUKAAAAYAAJ
gb_VZUKAAAAYAAJ	0077	69	der charakteriſirenden Einbildungskraft gehandelt.–	https://books.google.de/books?id=VZUKAAAAYAAJ
gb_VZUKAAAAYAAJ	0081	60	die Einbildungskraft ſeyn ſoll. Denn vielleicht iſt	https://books.google.de/books?id=VZUKAAAAYAAJ
gb_VZUKAAAAYAAJ	0084	114	dung zwiſchen dem Gedächtniſs, der Einbildungskraft	https://books.google.de/books?id=VZUKAAAAYAAJ
gb_VZUKAAAAYAAJ	0259	64	hen, und Gebilde ihrer Einbildungskraft an die Stelle	https://books.google.de/books?id=VZUKAAAAYAAJ
gb_VZUKAAAAYAAJ	0270	61	„In welcher Beziehung ſtehen Einbildungskraft und Gefühl?	https://books.google.de/books?id=VZUKAAAAYAAJ
gb_VZUKAAAAYAAJ	0277	21	ſetzungen mit Kraft: imagination, Einbildungskraft,	https://books.google.de/books?id=VZUKAAAAYAAJ
gb_VZUKAAAAYAAJ	0334	77	ſeine Einbildungskraft zu zügeln und jeden Affect zu	https://books.google.de/books?id=VZUKAAAAYAAJ
gb_VZUKAAAAYAAJ	0340	63	Einbildungskraft hieraus die höhern Gefühle hervor	https://books.google.de/books?id=VZUKAAAAYAAJ
gb_VZUKAAAAYAAJ	0363	16	Aufſchwüngen der Einbildungskraft, aber nicht zum	https://books.google.de/books?id=VZUKAAAAYAAJ
gb_VZUKAAAAYAAJ	0488	6	dem Ewigen, die Einbildungskraft vorzüglich aufre	https://books.google.de/books?id=VZUKAAAAYAAJ
gb_VZUKAAAAYAAJ	0488	90	„That nichts weiter gehört, als eine Einbildungskraft,	https://books.google.de/books?id=VZUKAAAAYAAJ
gb_JSI4AAAAMAAJ	0176	75	sie gleich, von Seiten der Einbildungskraft, oder we	https://books.google.de/books?id=JSI4AAAAMAAJ
gb_JSI4AAAAMAAJ	0231	48	ist ein Werk der Einbildungskraft; wie kann aber die	https://books.google.de/books?id=JSI4AAAAMAAJ
gb_JSI4AAAAMAAJ	0396	40	einer lebhaften Einbildungskraft begabt, konnten die	https://books.google.de/books?id=JSI4AAAAMAAJ
gb_7yg4AAAAMAAJ	0206	33	ungebührlicher Einfluſs der Einbildungskraft spricht	https://books.google.de/books?id=7yg4AAAAMAAJ
gb_NjQ4AAAAMAAJ	0041	45	Vf, die Wirksamkeit der Einbildungskraft der Mut	https://books.google.de/books?id=NjQ4AAAAMAAJ
gb_NjQ4AAAAMAAJ	0272	25	wie wenig die Einbildungskraft der Mütter in Rück	https://books.google.de/books?id=NjQ4AAAAMAAJ
gb_yi9RAAAAYAAJ	0114	91	und erfüllten die Einbildungskraft des Kranken, die	https://books.google.de/books?id=yi9RAAAAYAAJ
gb_yi9RAAAAYAAJ	0158	96	Klarheit durch ein Trugbild der Einbildungskraft	https://books.google.de/books?id=yi9RAAAAYAAJ
gb_yi9RAAAAYAAJ	0293	72	wäre für die Einbildungskraft lockender, befruch	https://books.google.de/books?id=yi9RAAAAYAAJ
gb_yi9RAAAAYAAJ	0490	51	geleiteten Einbildungskraft entspringen" (1744–1750)	https://books.google.de/books?id=yi9RAAAAYAAJ
gb_RzI4AAAAMAAJ	0090	71	Richtungen der Einbildungskraft, den Bedürfnissen	https://books.google.de/books?id=RzI4AAAAMAAJ
gb_RzI4AAAAMAAJ	0218	84	stand, Einbildungskraft, Vernunft u. s. w., sondern	https://books.google.de/books?id=RzI4AAAAMAAJ
gb_ZRs4AAAAMAAJ	0212	48	der Einbildungskraft und der Vernunft. An die über	https://books.google.de/books?id=ZRs4AAAAMAAJ
gb_ZRs4AAAAMAAJ	0216	68	der Einbildungskraft und der Vernunft beschäfj	https://books.google.de/books?id=ZRs4AAAAMAAJ
gb_ZRs4AAAAMAAJ	0228	93	tasie lebendig und geregelt (?), seine Einbildungskraft (?) so reich als harmonisch (?); seineÄ	https://books.google.de/books?id=ZRs4AAAAMAAJ
gb_ZRs4AAAAMAAJ	0281	18	auſserhalb dazu diente, auf die Einbildungskraft zu	https://books.google.de/books?id=ZRs4AAAAMAAJ
gb_8Bo4AAAAMAAJ	0309	75	tionen lieben. Nachdem sich seine Einbildungskraft	https://books.google.de/books?id=8Bo4AAAAMAAJ
gb_Fy9RAAAAYAAJ	0376	56	Werkzeugen der Einbildungskraft mehr und mehr	https://books.google.de/books?id=Fy9RAAAAYAAJ
gb_Fy9RAAAAYAAJ	0441	47	der Einbildungskraft als ein von der Vernunft un	https://books.google.de/books?id=Fy9RAAAAYAAJ
gb_Fy9RAAAAYAAJ	0441	51	Einbildungskraft", sondern nach einem logischen Ge	https://books.google.de/books?id=Fy9RAAAAYAAJ
gb_Fy9RAAAAYAAJ	0441	70	„vermittelst der Einbildungskraft", sondern durch	https://books.google.de/books?id=Fy9RAAAAYAAJ
gb_Fy9RAAAAYAAJ	0448	52	die Einbildungskraft, das Begehrungsvermögen, das	https://books.google.de/books?id=Fy9RAAAAYAAJ
gb_Fy9RAAAAYAAJ	0453	9	fluss der reproductiven Einbildungskraft auf die De	https://books.google.de/books?id=Fy9RAAAAYAAJ
gb_Fy9RAAAAYAAJ	0453	19	ven Einbildungskraft und der Sinneseindrücke auf	https://books.google.de/books?id=Fy9RAAAAYAAJ
gb_Fy9RAAAAYAAJ	0453	25	kung der reproductiven Einbildungskraft, noch von	https://books.google.de/books?id=Fy9RAAAAYAAJ
gb_Fy9RAAAAYAAJ	0471	19	liche Einbildungskraft erkältender und unergiebiger,	https://books.google.de/books?id=Fy9RAAAAYAAJ
gb_Fy9RAAAAYAAJ	0669	65	Element mittelst der ästhetischen Einbildungskraft.	https://books.google.de/books?id=Fy9RAAAAYAAJ
gb_Fy9RAAAAYAAJ	0670	6	Einbildungskraft als Schöpferin des Schönen, ihren	https://books.google.de/books?id=Fy9RAAAAYAAJ
gb_Fy9RAAAAYAAJ	0670	10	Sinne. Die Einbildungskraft ist immer der Sitz des	https://books.google.de/books?id=Fy9RAAAAYAAJ
gb_Fy9RAAAAYAAJ	0670	23	beantwortet: die Einbildungskraft ist Schöpferin auf	https://books.google.de/books?id=Fy9RAAAAYAAJ
gb_Fy9RAAAAYAAJ	0670	81	dar, wie die ästhetische Einbildungskraft das Schö	https://books.google.de/books?id=Fy9RAAAAYAAJ
gb_mSE4AAAAMAAJ	0094	89	uns gespiegelt in der geschmeidigen Einbildungskraft des rüstigen Mannes in lebhaften und leicht	https://books.google.de/books?id=mSE4AAAAMAAJ
gb_mSE4AAAAMAAJ	0488	19	reich, oder die Einbildungskraft und das Gemiith	https://books.google.de/books?id=mSE4AAAAMAAJ
gb_GCo4AAAAMAAJ	0044	114	Einbildungskraft u. s. w.?, wie entwickeln	https://books.google.de/books?id=GCo4AAAAMAAJ
gb_GCo4AAAAMAAJ	0100	31	Einbildungskraft täuschen zu wollen. Er schildert	https://books.google.de/books?id=GCo4AAAAMAAJ
gb_GCo4AAAAMAAJ	0316	106	keine schöpferische Einbildungskraft; er verirre sich	https://books.google.de/books?id=GCo4AAAAMAAJ
gb_GCo4AAAAMAAJ	0316	108	Einbildungskraft an und glaubt, daſs nach dieser	https://books.google.de/books?id=GCo4AAAAMAAJ
gb_GCo4AAAAMAAJ	0316	109	Erklärung der Besitz der Einbildungskraft unmög	https://books.google.de/books?id=GCo4AAAAMAAJ
gb_GCo4AAAAMAAJ	0316	114	die schöpferische Einbildungskraft; dann aber giebt	https://books.google.de/books?id=GCo4AAAAMAAJ
gb_PRU4AAAAMAAJ	0052	64	scheinungen, mit Hilfe ihrer Einbildungskraft mehr	https://books.google.de/books?id=PRU4AAAAMAAJ
gb_PRU4AAAAMAAJ	0208	26	der Einbildungskraft treten noch um dieselbe Zeit	https://books.google.de/books?id=PRU4AAAAMAAJ
gb_ldCEAAAAIAAJ	0048	92	nungen, Einbildungskraft und Verstand. Die Ein	https://books.google.de/books?id=ldCEAAAAIAAJ
gb_ldCEAAAAIAAJ	0048	104	ihres Strebens ist dasÄ der Einbildungskraft,	https://books.google.de/books?id=ldCEAAAAIAAJ
gb_ldCEAAAAIAAJ	0049	16	fühl und die Einbildungskraft auf die Anschauung	https://books.google.de/books?id=ldCEAAAAIAAJ
gb_ldCEAAAAIAAJ	0049	24	stellung, mittelst der Einbildungskraft und des	https://books.google.de/books?id=ldCEAAAAIAAJ
gb_ldCEAAAAIAAJ	0049	42	ckelung der Einbildungskraft durch Vernunftideen	https://books.google.de/books?id=ldCEAAAAIAAJ
gb_ldCEAAAAIAAJ	0049	51	der Einbildungskraft) seine obersten Regulative	https://books.google.de/books?id=ldCEAAAAIAAJ
gb_ldCEAAAAIAAJ	0281	18	Einbildungskraft die widersprechendsten Vorstel	https://books.google.de/books?id=ldCEAAAAIAAJ
gb_6Bs4AAAAMAAJ	0053	52	niſs, die Einbildungskraft, die Urtheilskraft, den	https://books.google.de/books?id=6Bs4AAAAMAAJ
gb_6Bs4AAAAMAAJ	0054	41	Einbildungskraft, wahrscheinlich weil sie sich noch	https://books.google.de/books?id=6Bs4AAAAMAAJ
gb_6Bs4AAAAMAAJ	0162	67	Einbildungskraft anschauliche Weise aus einem be	https://books.google.de/books?id=6Bs4AAAAMAAJ
gb_6Bs4AAAAMAAJ	0190	110	unsere Einbildungskraft dabey, setzt alle unsere	https://books.google.de/books?id=6Bs4AAAAMAAJ
gb_5Dc4AAAAMAAJ	0078	53	der Einbildungskraft des Lesers hinreichenden Spiel	https://books.google.de/books?id=5Dc4AAAAMAAJ
gb_5Dc4AAAAMAAJ	0255	78	# Einbildungskraft, die auch dann dem Redner zu	https://books.google.de/books?id=5Dc4AAAAMAAJ
gb_aiA4AAAAMAAJ	0020	41	Weltfremd sind, die Einbildungskraft zur Erklärung	https://books.google.de/books?id=aiA4AAAAMAAJ
gb_aiA4AAAAMAAJ	0147	107	welche die Vorstellungen unserer Einbildungskraft	https://books.google.de/books?id=aiA4AAAAMAAJ
gb_4yA4AAAAMAAJ	0043	8	ciirter Vorstellungen der Einbildungskraft, die dritte	https://books.google.de/books?id=4yA4AAAAMAAJ
gb_4yA4AAAAMAAJ	0211	34	association und reproductive Einbildungskraft, Phan	https://books.google.de/books?id=4yA4AAAAMAAJ
gb_fSM4AAAAMAAJ	0174	101	für das Schöne, glühenden Einbildungskraft und leb	https://books.google.de/books?id=fSM4AAAAMAAJ
gb_fSM4AAAAMAAJ	0295	81	des, der aus Bildern der Einbildungskraft etwas zu	https://books.google.de/books?id=fSM4AAAAMAAJ
gb_Wx04AAAAMAAJ	0065	19	groſse Einbildungskraft übermäſsig erregbar, bey	https://books.google.de/books?id=Wx04AAAAMAAJ
gb_Wx04AAAAMAAJ	0065	21	was nur Idee ist, nur Produkt der Einbildungskraft,	https://books.google.de/books?id=Wx04AAAAMAAJ
gb_Wx04AAAAMAAJ	0068	120	reproductive Einbildungskraft ohne Unterschied alle	https://books.google.de/books?id=Wx04AAAAMAAJ
gb_Wx04AAAAMAAJ	0074	63	dem Thiere, alsoÄ Einbildungskraft	https://books.google.de/books?id=Wx04AAAAMAAJ
gb_Wx04AAAAMAAJ	0252	22	„ Liegt die Verletzung der Einbildungskraft klar vor	https://books.google.de/books?id=Wx04AAAAMAAJ
gb_Wx04AAAAMAAJ	0325	109	denschaftlichen Formen, welche die Einbildungskraft des Dichters, sogar in ihren Verirrungen, ihm	https://books.google.de/books?id=Wx04AAAAMAAJ
gb_Wx04AAAAMAAJ	0333	17	warten" entsteht, und zwischen Einbildungskraft und	https://books.google.de/books?id=Wx04AAAAMAAJ
gb_Wx04AAAAMAAJ	0333	74	Dunkel liegend betrachtet. Von der Einbildungskraft	https://books.google.de/books?id=Wx04AAAAMAAJ
gb_Wx04AAAAMAAJ	0333	77	und Vokalen geben u. s. w... Die Einbildungskraft	https://books.google.de/books?id=Wx04AAAAMAAJ
gb_Wx04AAAAMAAJ	0333	86	mögen und Einbildungskraft begründet. Hiebey aber	https://books.google.de/books?id=Wx04AAAAMAAJ
allgemeinelitera1847unse	0048	108	gleichsam als ein Monogramm der Einbildungskraft	https://archive.org/details/allgemeinelitera1847unse/page/n48
allgemeinelitera1847unse	0240	23	Einbildungskraft. Bemerkenswerth ist auch die	https://archive.org/details/allgemeinelitera1847unse/page/n240
allgemeinelitera1847unse	0358	70	Gefühls, der Einbildungskraft u. s. w. genügen soll,	https://archive.org/details/allgemeinelitera1847unse/page/n358
allgemeinelitera1847unse	0736	73	die Einbildungskraft auf eine sittliche Weise bewegt	https://archive.org/details/allgemeinelitera1847unse/page/n736
gb_BM-EAAAAIAAJ	0108	37	von Witz, Humor, Originalität und Einbildungskraft verkennen, welche ſchon die Streckver/é ent	https://books.google.de/books?id=BM-EAAAAIAAJ
gb_BM-EAAAAIAAJ	0133	102	chen Einbildungskraft nur noch mehr die Zügel	https://books.google.de/books?id=BM-EAAAAIAAJ
gb_BM-EAAAAIAAJ	0162	63	Deutſchen. Sollte vielleicht die Einbildungskraft der	https://books.google.de/books?id=BM-EAAAAIAAJ
gb_BM-EAAAAIAAJ	0194	120	Zorn durch die aufgeregte Einbildungskraft den Be	https://books.google.de/books?id=BM-EAAAAIAAJ
gb_BM-EAAAAIAAJ	0281	72	ſche Dichtungen einer ſchwärmenden Einbildungskraft, noch jeſuitiſche Entſtellungen der Thatſachen,	https://books.google.de/books?id=BM-EAAAAIAAJ
gb_ByBRAAAAYAAJ	0082	27	dende und ſchaffende Einbildungskraft, welche die	https://books.google.de/books?id=ByBRAAAAYAAJ
gb_ByBRAAAAYAAJ	0082	62	hafte Einbildungskraft, daſs er das Schöne in der Kunſt	https://books.google.de/books?id=ByBRAAAAYAAJ
gb_ByBRAAAAYAAJ	0176	106	dern durch lebhafte Einbildungskraft und ganz eigene	https://books.google.de/books?id=ByBRAAAAYAAJ
gb_ByBRAAAAYAAJ	0201	69	bey welchen die Einbildungskraft gern einige Stunden	https://books.google.de/books?id=ByBRAAAAYAAJ
gb_ByBRAAAAYAAJ	0210	36	keit, eine lebhafte Einbildungskraft, einen gebilde	https://books.google.de/books?id=ByBRAAAAYAAJ
gb_ByBRAAAAYAAJ	0322	81	Sinne wirkt, und wovon folglich die Einbildungskraft allein ſich eine Vorſtellung macht. Unter die	https://books.google.de/books?id=ByBRAAAAYAAJ
gb_ByBRAAAAYAAJ	0375	113	Miſsverhältniſs der Einbildungskraft zum Verſtande,	https://books.google.de/books?id=ByBRAAAAYAAJ
gb_ByBRAAAAYAAJ	0663	72	ſache nicht in die Beobachtung fällt. Die Einbildungskraft iſt überhaupt das Vermögen des unwillkürlichen	https://books.google.de/books?id=ByBRAAAAYAAJ
gb_ByBRAAAAYAAJ	0663	76	tion der Vorſtellungen in der Einbildungskraft. D:	https://books.google.de/books?id=ByBRAAAAYAAJ
gb_ByBRAAAAYAAJ	0663	87	Einbildungskraft nirgends los, ſie kann nur Aſſocia	https://books.google.de/books?id=ByBRAAAAYAAJ
gb_ByBRAAAAYAAJ	0665	54	derbewuſstſeyn der productiven Einbildungskraft her,	https://books.google.de/books?id=ByBRAAAAYAAJ
gb_ByBRAAAAYAAJ	0668	99	digende, frey dichtende Einbildungskraft dieſer wahr	https://books.google.de/books?id=ByBRAAAAYAAJ
gb_ByBRAAAAYAAJ	0669	69	Gegen den Schematismus der Einbildungskraft	https://books.google.de/books?id=ByBRAAAAYAAJ
gb_ByBRAAAAYAAJ	0689	101	Die Gewalt der Einbildungskraft über Freuden und	https://books.google.de/books?id=ByBRAAAAYAAJ
gb_ByBRAAAAYAAJ	0689	105	begriffen. Ehe er die Gewalt der Einbildungskraft	https://books.google.de/books?id=ByBRAAAAYAAJ
gb_ByBRAAAAYAAJ	0940	7	Einbildungskraft; ein klarer, durch vielſeitige Kennt--	https://books.google.de/books?id=ByBRAAAAYAAJ
gb_ByBRAAAAYAAJ	0985	46	„Wie verhält ſich die Einbildungskraft zum Gefühl? wie	https://books.google.de/books?id=ByBRAAAAYAAJ
gb_NhI4AAAAMAAJ	0014	78	Organs der Einbildungskraft zuſammen geſetzten Vor	https://books.google.de/books?id=NhI4AAAAMAAJ
gb_NhI4AAAAMAAJ	0034	83	zu Objecten der Einbildungskraft macht, oder es	https://books.google.de/books?id=NhI4AAAAMAAJ
gb_NhI4AAAAMAAJ	0044	97	ſchaft. Jene einzelnen, von der Einbildungskraft näch	https://books.google.de/books?id=NhI4AAAAMAAJ
gb_NhI4AAAAMAAJ	0045	30	nem ſolchen von der Einbildungskraft zu umfaſſenden	https://books.google.de/books?id=NhI4AAAAMAAJ
gb_NhI4AAAAMAAJ	0048	55	dieſes letzten, mehr von der Einbildungskraft des	https://books.google.de/books?id=NhI4AAAAMAAJ
gb_NhI4AAAAMAAJ	0048	65	keit der Einbildungskraft ab, die nicht viel für den	https://books.google.de/books?id=NhI4AAAAMAAJ
gb_NhI4AAAAMAAJ	0228	49	Einbildungskraft, bey einem hellen Verſtande, der	https://books.google.de/books?id=NhI4AAAAMAAJ
gb_NhI4AAAAMAAJ	0418	21	erhältniſſe der Sinne und der Einbildungskraft, wo	https://books.google.de/books?id=NhI4AAAAMAAJ
gb_NhI4AAAAMAAJ	0418	34	fpannter Einbildungskraft iſt ein guter Verſtand ver	https://books.google.de/books?id=NhI4AAAAMAAJ
gb_NhI4AAAAMAAJ	0436	90	reift, als dieÄ ſogenannte Einbildungskraft; zu den Unvollkommenheiten der Sprachwe	https://books.google.de/books?id=NhI4AAAAMAAJ
gb_NhI4AAAAMAAJ	0437	100	Vitz, Scharfſinn, Einbildungskraft, lebhaftes Ge	https://books.google.de/books?id=NhI4AAAAMAAJ
gb_rzA4AAAAMAAJ	0063	69	ihrer hochpoetischen Einbildungskraft, erfuhr aber	https://books.google.de/books?id=rzA4AAAAMAAJ
gb_9h84AAAAMAAJ	0048	78	kraft, oder die Einbildungskraft leidet; führt man	https://books.google.de/books?id=9h84AAAAMAAJ
gb_9h84AAAAMAAJ	0299	16	doppeltes, nämlich Sinn und Einbildungskraft. In	https://books.google.de/books?id=9h84AAAAMAAJ
gb_9h84AAAAMAAJ	0299	21	von einem höheren Vermögen – der Einbildungskraft – in eine Form gebracht werden müsse. Form	https://books.google.de/books?id=9h84AAAAMAAJ
gb_9h84AAAAMAAJ	0299	55	Die Einbildungskraft wirkt beim sinnlichen An	https://books.google.de/books?id=9h84AAAAMAAJ
gb_9h84AAAAMAAJ	0299	84	Einbildungskraft gehören die sinnlichen Dichtungen,	https://books.google.de/books?id=9h84AAAAMAAJ
gb_9h84AAAAMAAJ	0299	117	den Flügeln der Einbildungskraft sich in Regionen	https://books.google.de/books?id=9h84AAAAMAAJ
gb_9h84AAAAMAAJ	0301	102	sches Gemälde die Einbildungskraft an, und läſst ei	https://books.google.de/books?id=9h84AAAAMAAJ
gb_jSo4AAAAMAAJ	0121	102	– Die Einbildungskraft im höhern Sinn dieses Wor	https://books.google.de/books?id=jSo4AAAAMAAJ
gb_jSo4AAAAMAAJ	0121	111	sichÄ entwickele, und die Einbildungskraft	https://books.google.de/books?id=jSo4AAAAMAAJ
gb_jSo4AAAAMAAJ	0126	97	Eben so aber sey auch die Einbildungskraft (conce	https://books.google.de/books?id=jSo4AAAAMAAJ
gb_jSo4AAAAMAAJ	0129	9	keinen Sinn hat, und wo die Einbildungskraft, von	https://books.google.de/books?id=jSo4AAAAMAAJ
gb_jSo4AAAAMAAJ	0172	51	siker und der Einbildungskraft des Verfassers ent	https://books.google.de/books?id=jSo4AAAAMAAJ
gb_GCBRAAAAYAAJ	0293	38	kommt die Einbildungskraft (immaginazione), wel	https://books.google.de/books?id=GCBRAAAAYAAJ
gb_GCBRAAAAYAAJ	0293	81	Einbildungskraft hat. Er versteht darunter alle	https://books.google.de/books?id=GCBRAAAAYAAJ
gb_GCBRAAAAYAAJ	0295	29	die Einbildungskraft bestimmen, durch Leitung	https://books.google.de/books?id=GCBRAAAAYAAJ
gb_hS84AAAAMAAJ	0158	14	Phantasie und Einbildungskraft besteht, von denen	https://books.google.de/books?id=hS84AAAAMAAJ
gb_hS84AAAAMAAJ	0158	26	falls überwiegende Einbildungskraft nicht, wie die	https://books.google.de/books?id=hS84AAAAMAAJ
gb_hS84AAAAMAAJ	0160	90	dere Talente undÄ der Einbildungskraft	https://books.google.de/books?id=hS84AAAAMAAJ
gb_hS84AAAAMAAJ	0161	88	schaften desselben sind: 1) Wärme der Einbildungskraft, 2) Erfindungsgeist, und 3) die Gabe, Alles	https://books.google.de/books?id=hS84AAAAMAAJ
gb_hS84AAAAMAAJ	0166	44	Gal's Einbildungskraft müsse man bisweilen Miſs	https://books.google.de/books?id=hS84AAAAMAAJ
gb_aDI4AAAAMAAJ	0189	71	dichtenden Einbildungskraft, denn als ein mühsames	https://books.google.de/books?id=aDI4AAAAMAAJ
gb_aDI4AAAAMAAJ	0208	12	Verstand und die reiche lebendige Einbildungskraft des Vfs achten und bewundern und ihn	https://books.google.de/books?id=aDI4AAAAMAAJ
allgemeineliter253unkngoog	0318	63	durch die Einbildungskraft vermittelt wird. Denn	https://archive.org/details/allgemeineliter253unkngoog/page/n318
gb_sogFAAAAQAAJ	0012	33	vielmehr auf die Einbildungskraft, und sorgt für ei	https://books.google.de/books?id=sogFAAAAQAAJ
gb_sogFAAAAQAAJ	0060	71	ken durchgängig die schaffende Einbildungskraft	https://books.google.de/books?id=sogFAAAAQAAJ
gb_7R44AAAAMAAJ	0035	61	Einbildungskraft zum Verstande.	https://books.google.de/books?id=7R44AAAAMAAJ
gb_7R44AAAAMAAJ	0182	69	raum, innerhalb dessen die Einbildungskraft sich	https://books.google.de/books?id=7R44AAAAMAAJ
gb_7R44AAAAMAAJ	0247	98	es auf Einbildungskraft ankommt, so ist Hr. A. E.	https://books.google.de/books?id=7R44AAAAMAAJ
gb_7R44AAAAMAAJ	0301	48	leicht entzündliche Einbildungskraft und eine frei	https://books.google.de/books?id=7R44AAAAMAAJ
gb_qsaEAAAAIAAJ	0359	66	che wird noch von der Einbildungskraft behauptet,	https://books.google.de/books?id=qsaEAAAAIAAJ
gb_2Ss4AAAAMAAJ	0037	92	den der Einbildungskraft im Gebiete der Wissen	https://books.google.de/books?id=2Ss4AAAAMAAJ
gb_2Ss4AAAAMAAJ	0087	8	und der Einbildungskraft gefallen können, gestattet,	https://books.google.de/books?id=2Ss4AAAAMAAJ
gb_2Ss4AAAAMAAJ	0124	77	ten Einbildungskraft das Unendliche offenbart. Nun	https://books.google.de/books?id=2Ss4AAAAMAAJ
gb_DR04AAAAMAAJ	0310	59	» Spielen der gefälligen Einbildungskraft seinen bes	https://books.google.de/books?id=DR04AAAAMAAJ
gb_Mxc4AAAAMAAJ	0157	52	Thema über den Anbau der Einbildungskraft in der	https://books.google.de/books?id=Mxc4AAAAMAAJ
gb_Mxc4AAAAMAAJ	0157	54	kungen, in denen jedoch zwischen Einbildungskraft	https://books.google.de/books?id=Mxc4AAAAMAAJ
gb_Mxc4AAAAMAAJ	0157	56	theile der Einbildungskraft, die leicht in Einbildung	https://books.google.de/books?id=Mxc4AAAAMAAJ
gb_Mxc4AAAAMAAJ	0163	50	Hülfe der Einbildungskraft wohl in einzelnen Momen	https://books.google.de/books?id=Mxc4AAAAMAAJ
gb_xTQ4AAAAMAAJ	0196	79	seine Einbildungskraft ihm früher für wenig besser als	https://books.google.de/books?id=xTQ4AAAAMAAJ
gb_xTQ4AAAAMAAJ	0197	108	Einbildungskraft, sie vergöttern ihre Repräsentanten–	https://books.google.de/books?id=xTQ4AAAAMAAJ
gb_xTQ4AAAAMAAJ	0382	96	deten Geschmacks und einer verfeinerten Einbildungskraft, diese widerstrebenden Bestandtheile zu entwir	https://books.google.de/books?id=xTQ4AAAAMAAJ
gb_xTQ4AAAAMAAJ	0384	94	chen Einbildungskraft oder der Unerfahrenheit indj	https://books.google.de/books?id=xTQ4AAAAMAAJ
gb_MHlIAAAAYAAJ	0353	93	Vernunft, wie die Einbildungskraft zum Verstande	https://books.google.de/books?id=MHlIAAAAYAAJ
gb_Chg4AAAAMAAJ	0115	73	Uhland hat die höhere Einbildungskraft, Rückert	https://books.google.de/books?id=Chg4AAAAMAAJ
gb_Chg4AAAAMAAJ	0346	65	in den ausschweifenden Träumen ihrer Einbildungskraft wahrzunehmen glauben und sich dadurch dem	https://books.google.de/books?id=Chg4AAAAMAAJ
gb_Chg4AAAAMAAJ	0415	25	Gewöhnlich sieht man die Einbildungskraft als	https://books.google.de/books?id=Chg4AAAAMAAJ
gb_Pww4AAAAMAAJ	0026	7	ches die Einbildungskraft mit dem Subjecte ver	https://books.google.de/books?id=Pww4AAAAMAAJ
gb_Pww4AAAAMAAJ	0026	88	Spiel der Phantaſie und Einbildungskraft zu halten,	https://books.google.de/books?id=Pww4AAAAMAAJ
gb_Pww4AAAAMAAJ	0074	4	liſchen Glauben, der die Einbildungskraft durch ſei	https://books.google.de/books?id=Pww4AAAAMAAJ
gb_Pww4AAAAMAAJ	0365	113	er eine unbegränzte Einbildungskraft, undÄ	https://books.google.de/books?id=Pww4AAAAMAAJ
gb_Pww4AAAAMAAJ	0424	55	mengeſetzten, von der Einbildungskraft hervorge	https://books.google.de/books?id=Pww4AAAAMAAJ
gb_Pww4AAAAMAAJ	0437	32	Einbildungskraft aufgefaſst und feſtgehalten werden	https://books.google.de/books?id=Pww4AAAAMAAJ
gb_Pww4AAAAMAAJ	0460	41	zugethan waren: die Einbildungskraft halte, dem	https://books.google.de/books?id=Pww4AAAAMAAJ
gb_Pww4AAAAMAAJ	0484	34	nicht durch künſtliche Mittel die Einbildungskraft	https://books.google.de/books?id=Pww4AAAAMAAJ
gb_Pww4AAAAMAAJ	0520	29	wirrten Köpfen, die ihre lebhafte Einbildungskraft	https://books.google.de/books?id=Pww4AAAAMAAJ
gb_Izk4AAAAMAAJ	0152	43	Schöpfungen ihrer Einbildungskraft vortrugen. Daſs	https://books.google.de/books?id=Izk4AAAAMAAJ
gb_Izk4AAAAMAAJ	0159	25	jnt dieser Spiele der Einbildungskraft hervorheben	https://books.google.de/books?id=Izk4AAAAMAAJ
gb_Izk4AAAAMAAJ	0217	103	merkt, daſs eine sehr lebhafte Einbildungskraft da	https://books.google.de/books?id=Izk4AAAAMAAJ
gb_Izk4AAAAMAAJ	0408	96	Eindrucks auf die Einbildungskraft und sey somit	https://books.google.de/books?id=Izk4AAAAMAAJ
gb_3tTjAAAAMAAJ	0045	32	die Einbildungskraft überflogen. Zoophyten können	https://books.google.de/books?id=3tTjAAAAMAAJ
gb_3tTjAAAAMAAJ	0092	71	einer erhitzten Einbildungskraft, der mit Bildern	https://books.google.de/books?id=3tTjAAAAMAAJ
gb_3tTjAAAAMAAJ	0114	89	Einbildungskraft und Euer Herz intereſſiren, und	https://books.google.de/books?id=3tTjAAAAMAAJ
gb_3tTjAAAAMAAJ	0118	5	Malerey der Einbildungskraft, Ausdruck. Alle ſchöne	https://books.google.de/books?id=3tTjAAAAMAAJ
gb_3tTjAAAAMAAJ	0121	3	unfer Intereſſe und unſere Einbildungskraft zu be	https://books.google.de/books?id=3tTjAAAAMAAJ
gb_3tTjAAAAMAAJ	0121	92	das dritte die Einbildungskraft. In Hinſicht des	https://books.google.de/books?id=3tTjAAAAMAAJ
gb_3tTjAAAAMAAJ	0209	104	zufangen, als bis bey, mir Einbildungskraft und	https://books.google.de/books?id=3tTjAAAAMAAJ
gb_3tTjAAAAMAAJ	0271	13	und Vernunft, und dieÄ Einbildungskraft	https://books.google.de/books?id=3tTjAAAAMAAJ
gb_3tTjAAAAMAAJ	0271	78	Vernunft und die Friſche deiner Einbildungskraft zu	https://books.google.de/books?id=3tTjAAAAMAAJ
gb_3tTjAAAAMAAJ	0353	17	chen Sinne, das durch die Einbildungskraft bewirkte Zu	https://books.google.de/books?id=3tTjAAAAMAAJ
gb_3tTjAAAAMAAJ	0475	104	Einbildungskraft, als des Verſandes gemacht wird.	https://books.google.de/books?id=3tTjAAAAMAAJ
gb_3tTjAAAAMAAJ	0495	61	Einbildungskraft wohl dazu dienen können, müſsige	https://books.google.de/books?id=3tTjAAAAMAAJ
gb_cCQ4AAAAMAAJ	0161	3	stischen Entstellungen der Einbildungskraft hindurch,	https://books.google.de/books?id=cCQ4AAAAMAAJ
gb_cCQ4AAAAMAAJ	0165	11	nehmung, oder der Einbildungskraft in das Geschäft	https://books.google.de/books?id=cCQ4AAAAMAAJ
gb_cCQ4AAAAMAAJ	0449	16	verwüstlichen Einbildungskraft dieses einzigen Volks	https://books.google.de/books?id=cCQ4AAAAMAAJ
gb_cCQ4AAAAMAAJ	0449	21	Einbildungskraft erklären zu wollen. Nur das Wich	https://books.google.de/books?id=cCQ4AAAAMAAJ
gb_ZTQ4AAAAMAAJ	0018	25	dung mit vorherrſchender Einbildungskraft; der	https://books.google.de/books?id=ZTQ4AAAAMAAJ
gb_ZTQ4AAAAMAAJ	0185	106	einer lebhaften Einbildungskraft, die ihre Bildungen	https://books.google.de/books?id=ZTQ4AAAAMAAJ
gb_ZTQ4AAAAMAAJ	0238	103	Einbildungskraft ſo gerne die Darſtellung groſser Be	https://books.google.de/books?id=ZTQ4AAAAMAAJ
gb_ZTQ4AAAAMAAJ	0239	30	eine Einbildungskraft hervor, die ſich, von Vorur	https://books.google.de/books?id=ZTQ4AAAAMAAJ
gb_ZTQ4AAAAMAAJ	0285	51	Gemüth und Einbildungskraft, der man ſich nicht ent	https://books.google.de/books?id=ZTQ4AAAAMAAJ
gb_lxw4AAAAMAAJ	0045	85	das Gedächtniſs, für die Einbildungskraft oft trok	https://books.google.de/books?id=lxw4AAAAMAAJ
gb_lxw4AAAAMAAJ	0065	103	stellen durch dichtende Einbildungskraft a priori	https://books.google.de/books?id=lxw4AAAAMAAJ
gb_lxw4AAAAMAAJ	0096	54	und wilder Einbildungskraft ihrer Thaten sich	https://books.google.de/books?id=lxw4AAAAMAAJ
gb_lxw4AAAAMAAJ	0273	21	wenn S. 27 gesagt wird: die Einbildungskraft sey	https://books.google.de/books?id=lxw4AAAAMAAJ
gb_lxw4AAAAMAAJ	0385	64	sie dem Einflusse der Sinne, der Einbildungskraft	https://books.google.de/books?id=lxw4AAAAMAAJ
gb_lxw4AAAAMAAJ	0410	92	als ein Vehikel der Einbildungskraft. Den Unter	https://books.google.de/books?id=lxw4AAAAMAAJ
gb_lxw4AAAAMAAJ	0438	69	(Rec. gesteht, daſs er mit seiner Einbildungskraft da	https://books.google.de/books?id=lxw4AAAAMAAJ
gb_EYkFAAAAQAAJ	0100	95	traits; er weifs, dafs dabey die Einbildungskraft	https://books.google.de/books?id=EYkFAAAAQAAJ
gb_sBE4AAAAMAAJ	0042	47	mit jenem zugleich die Einbildungskraft durch	https://books.google.de/books?id=sBE4AAAAMAAJ
gb_sBE4AAAAMAAJ	0044	4	friſche Jugend der Einbildungskraft und des Herzens	https://books.google.de/books?id=sBE4AAAAMAAJ
gb_sBE4AAAAMAAJ	0080	77	unſrer Einbildungskraft gleich ſtark ſich Ähigt	https://books.google.de/books?id=sBE4AAAAMAAJ
gb_sBE4AAAAMAAJ	0147	109	weiter, und ſeine Einbildungskraft mit chönen Ideen	https://books.google.de/books?id=sBE4AAAAMAAJ
gb_sBE4AAAAMAAJ	0180	54	und auf die Einbildungskraft, und giebt endlich	https://books.google.de/books?id=sBE4AAAAMAAJ
gb_sBE4AAAAMAAJ	0196	48	mus, ſtets der Sohn einer erhitzten Einbildungskraft,	https://books.google.de/books?id=sBE4AAAAMAAJ
gb_sBE4AAAAMAAJ	0215	54	Einbildungskraft und der Empfindung voraus, die nie	https://books.google.de/books?id=sBE4AAAAMAAJ
gb_sBE4AAAAMAAJ	0227	85	der Einbildungskraft. Unter der zweyten Art der In	https://books.google.de/books?id=sBE4AAAAMAAJ
gb_sBE4AAAAMAAJ	0352	47	eine erſtaunliche Einbildungskraft. Er hat den Wer	https://books.google.de/books?id=sBE4AAAAMAAJ
gb_sBE4AAAAMAAJ	0480	87	die die Einbildungskraft ſeiner Zuhörer rührt; wenn	https://books.google.de/books?id=sBE4AAAAMAAJ
gb_sBE4AAAAMAAJ	0482	119	nicht klar wird. Die Einbildungskraft iſt dabey ſo	https://books.google.de/books?id=sBE4AAAAMAAJ
gb_7hY4AAAAMAAJ	0293	22	sches und Tonisches von der Einbildungskraft gestal	https://books.google.de/books?id=7hY4AAAAMAAJ
gb_-hk4AAAAMAAJ	0321	7	für ein müssiges Spiel der Einbildungskraft eines rab	https://books.google.de/books?id=-hk4AAAAMAAJ
gb_bBc4AAAAMAAJ	0020	99	ordnung in das Spiel ſeiner Einbildungskraft ziehe.	https://books.google.de/books?id=bBc4AAAAMAAJ
gb_bBc4AAAAMAAJ	0239	99	Einbildungskraft; 8) Warnung vor Schwärmerey;	https://books.google.de/books?id=bBc4AAAAMAAJ
gb_bBc4AAAAMAAJ	0297	54	der Einbildungskraft und zum Worte betrachtet	https://books.google.de/books?id=bBc4AAAAMAAJ
gb_bBc4AAAAMAAJ	0340	68	und erhabne Einbildungskraft, die aber über die	https://books.google.de/books?id=bBc4AAAAMAAJ
gb_bBc4AAAAMAAJ	0447	20	Einbildungskraft, welche nichts Leeres oder Todtes	https://books.google.de/books?id=bBc4AAAAMAAJ
gb_bBc4AAAAMAAJ	0539	104	er muſste der Einbildungskraft	https://books.google.de/books?id=bBc4AAAAMAAJ
gb_bBc4AAAAMAAJ	0579	3	erborgte poetiſche Flitter die Einbildungskraft be	https://books.google.de/books?id=bBc4AAAAMAAJ
gb_BdCEAAAAIAAJ	0011	13	ſetzen unterworfen, und die Einbildungskraft wird,	https://books.google.de/books?id=BdCEAAAAIAAJ
gb_BdCEAAAAIAAJ	0032	102	tereſſant, und die Einbildungskraft angenehm und er	https://books.google.de/books?id=BdCEAAAAIAAJ
gb_BdCEAAAAIAAJ	0247	46	ſättigt, die Einbildungskraft belebt aber nicht be	https://books.google.de/books?id=BdCEAAAAIAAJ
gb_BdCEAAAAIAAJ	0252	68	ren?) – einer Fruchtbarkeit der Einbildungskraft, und	https://books.google.de/books?id=BdCEAAAAIAAJ
