1846	3	Oxford University	https://archive.org/details/allgemeineliter00jahrgoog	allgemeineliter00jahrgoog	https://raw.githubusercontent.com/JULIELab/alz/master/v1_201901/xml/allgemeineliter00jahrgoog.xml	Tesseract 4.0	317	307328
1829	1	Oxford University	https://archive.org/details/allgemeineliter00schugoog	allgemeineliter00schugoog	https://raw.githubusercontent.com/JULIELab/alz/master/v1_201901/xml/allgemeineliter00schugoog.xml	Tesseract 4.0	347	336100
1833	2	Oxford University	https://archive.org/details/allgemeineliter01goog	allgemeineliter01goog	https://raw.githubusercontent.com/JULIELab/alz/master/v1_201901/xml/allgemeineliter01goog.xml	Tesseract 4.0	327	316715
1828	4	Oxford University	https://archive.org/details/allgemeineliter05jahrgoog	allgemeineliter05jahrgoog	https://raw.githubusercontent.com/JULIELab/alz/master/v1_201901/xml/allgemeineliter05jahrgoog.xml	Tesseract 4.0	587	559995
1837	5	University of Michigan	https://archive.org/details/allgemeineliter10unkngoog	allgemeineliter10unkngoog	https://raw.githubusercontent.com/JULIELab/alz/master/v1_201901/xml/allgemeineliter10unkngoog.xml	Tesseract 4.0	428	369630
1837	1	University of Michigan	https://archive.org/details/allgemeineliter115unkngoog	allgemeineliter115unkngoog	https://raw.githubusercontent.com/JULIELab/alz/master/v1_201901/xml/allgemeineliter115unkngoog.xml	Tesseract 4.0	326	326858
1841	3_5	University of Michigan	https://archive.org/details/allgemeineliter136unkngoog	allgemeineliter136unkngoog	https://raw.githubusercontent.com/JULIELab/alz/master/v1_201901/xml/allgemeineliter136unkngoog.xml	Tesseract 4.0	576	500609
1840	4_5	Oxford University	https://archive.org/details/allgemeineliter13jahrgoog	allgemeineliter13jahrgoog	https://raw.githubusercontent.com/JULIELab/alz/master/v1_201901/xml/allgemeineliter13jahrgoog.xml	Tesseract 4.0	729	617648
1832	2	University of Michigan	https://archive.org/details/allgemeineliter13unkngoog	allgemeineliter13unkngoog	https://raw.githubusercontent.com/JULIELab/alz/master/v1_201901/xml/allgemeineliter13unkngoog.xml	Tesseract 4.0	328	315963
1808	1	New York Public Library	https://archive.org/details/allgemeineliter152unkngoog	allgemeineliter152unkngoog	https://raw.githubusercontent.com/JULIELab/alz/master/v1_201901/xml/allgemeineliter152unkngoog.xml	Tesseract 4.0	539	542453
1830	2	Oxford University	https://archive.org/details/allgemeineliter15jahrgoog	allgemeineliter15jahrgoog	https://raw.githubusercontent.com/JULIELab/alz/master/v1_201901/xml/allgemeineliter15jahrgoog.xml	Tesseract 4.0	347	344401
1831	1	University of Michigan	https://archive.org/details/allgemeineliter161unkngoog	allgemeineliter161unkngoog	https://raw.githubusercontent.com/JULIELab/alz/master/v1_201901/xml/allgemeineliter161unkngoog.xml	Tesseract 4.0	344	343468
1832	5	University of Michigan	https://archive.org/details/allgemeineliter162unkngoog	allgemeineliter162unkngoog	https://raw.githubusercontent.com/JULIELab/alz/master/v1_201901/xml/allgemeineliter162unkngoog.xml	Tesseract 4.0	358	297017
1837	4	University of Michigan	https://archive.org/details/allgemeineliter163unkngoog	allgemeineliter163unkngoog	https://raw.githubusercontent.com/JULIELab/alz/master/v1_201901/xml/allgemeineliter163unkngoog.xml	Tesseract 4.0	486	497270
1831	3	University of Michigan	https://archive.org/details/allgemeineliter16unkngoog	allgemeineliter16unkngoog	https://raw.githubusercontent.com/JULIELab/alz/master/v1_201901/xml/allgemeineliter16unkngoog.xml	Tesseract 4.0	371	374280
1836	4	University of Michigan	https://archive.org/details/allgemeineliter170unkngoog	allgemeineliter170unkngoog	https://raw.githubusercontent.com/JULIELab/alz/master/v1_201901/xml/allgemeineliter170unkngoog.xml	Tesseract 4.0	486	492763
1833	3	University of Michigan	https://archive.org/details/allgemeineliter181unkngoog	allgemeineliter181unkngoog	https://raw.githubusercontent.com/JULIELab/alz/master/v1_201901/xml/allgemeineliter181unkngoog.xml	Tesseract 4.0	360	372197
1828	1	University of Michigan	https://archive.org/details/allgemeineliter183unkngoog	allgemeineliter183unkngoog	https://raw.githubusercontent.com/JULIELab/alz/master/v1_201901/xml/allgemeineliter183unkngoog.xml	Tesseract 4.0	458	427586
1809	3	New York Public Library	https://archive.org/details/allgemeineliter186unkngoog	allgemeineliter186unkngoog	https://raw.githubusercontent.com/JULIELab/alz/master/v1_201901/xml/allgemeineliter186unkngoog.xml	Tesseract 4.0	534	549669
1837	2	University of Michigan	https://archive.org/details/allgemeineliter196unkngoog	allgemeineliter196unkngoog	https://raw.githubusercontent.com/JULIELab/alz/master/v1_201901/xml/allgemeineliter196unkngoog.xml	Tesseract 4.0	326	329162
1811	4	New York Public Library	https://archive.org/details/allgemeineliter198unkngoog	allgemeineliter198unkngoog	https://raw.githubusercontent.com/JULIELab/alz/master/v1_201901/xml/allgemeineliter198unkngoog.xml	Tesseract 4.0	621	641903
1846	1	New York Public Library	https://archive.org/details/allgemeineliter201unkngoog	allgemeineliter201unkngoog	https://raw.githubusercontent.com/JULIELab/alz/master/v1_201901/xml/allgemeineliter201unkngoog.xml	Tesseract 4.0	565	466403
1832	4	University of Michigan	https://archive.org/details/allgemeineliter208unkngoog	allgemeineliter208unkngoog	https://raw.githubusercontent.com/JULIELab/alz/master/v1_201901/xml/allgemeineliter208unkngoog.xml	Tesseract 4.0	480	472023
1833	5	University of Michigan	https://archive.org/details/allgemeineliter211unkngoog	allgemeineliter211unkngoog	https://raw.githubusercontent.com/JULIELab/alz/master/v1_201901/xml/allgemeineliter211unkngoog.xml	Tesseract 4.0	366	301989
1812	4	University of Michigan	https://archive.org/details/allgemeineliter215unkngoog	allgemeineliter215unkngoog	https://raw.githubusercontent.com/JULIELab/alz/master/v1_201901/xml/allgemeineliter215unkngoog.xml	Tesseract 4.0	582	594405
1830	4	University of Michigan	https://archive.org/details/allgemeineliter216unkngoog	allgemeineliter216unkngoog	https://raw.githubusercontent.com/JULIELab/alz/master/v1_201901/xml/allgemeineliter216unkngoog.xml	Tesseract 4.0	572	571962
1838	5	University of Michigan	https://archive.org/details/allgemeineliter226unkngoog	allgemeineliter226unkngoog	https://raw.githubusercontent.com/JULIELab/alz/master/v1_201901/xml/allgemeineliter226unkngoog.xml	Tesseract 4.0	366	304833
1842	3_5	University of Michigan	https://archive.org/details/allgemeineliter23unkngoog	allgemeineliter23unkngoog	https://raw.githubusercontent.com/JULIELab/alz/master/v1_201901/xml/allgemeineliter23unkngoog.xml	Tesseract 4.0	618	554854
1835	4	University of Michigan	https://archive.org/details/allgemeineliter245unkngoog	allgemeineliter245unkngoog	https://raw.githubusercontent.com/JULIELab/alz/master/v1_201901/xml/allgemeineliter245unkngoog.xml	Tesseract 4.0	486	482147
1831	4	University of Michigan	https://archive.org/details/allgemeineliter24unkngoog	allgemeineliter24unkngoog	https://raw.githubusercontent.com/JULIELab/alz/master/v1_201901/xml/allgemeineliter24unkngoog.xml	Tesseract 4.0	486	485011
1848	1	Oxford University	https://archive.org/details/allgemeineliter253unkngoog	allgemeineliter253unkngoog	https://raw.githubusercontent.com/JULIELab/alz/master/v1_201901/xml/allgemeineliter253unkngoog.xml	Tesseract 4.0	595	489574
1830	3	Oxford University	https://archive.org/details/allgemeineliter262unkngoog	allgemeineliter262unkngoog	https://raw.githubusercontent.com/JULIELab/alz/master/v1_201901/xml/allgemeineliter262unkngoog.xml	Tesseract 4.0	377	375109
1830	5	University of Michigan	https://archive.org/details/allgemeineliter276unkngoog	allgemeineliter276unkngoog	https://raw.githubusercontent.com/JULIELab/alz/master/v1_201901/xml/allgemeineliter276unkngoog.xml	Tesseract 4.0	381	321293
1807	2	New York Public Library	https://archive.org/details/allgemeineliter297unkngoog	allgemeineliter297unkngoog	https://raw.githubusercontent.com/JULIELab/alz/master/v1_201901/xml/allgemeineliter297unkngoog.xml	Tesseract 4.0	675	720365
1829	4	University of Michigan	https://archive.org/details/allgemeineliter298unkngoog	allgemeineliter298unkngoog	https://raw.githubusercontent.com/JULIELab/alz/master/v1_201901/xml/allgemeineliter298unkngoog.xml	Tesseract 4.0	581	590844
1840	1	University of Michigan	https://archive.org/details/allgemeineliter30unkngoog	allgemeineliter30unkngoog	https://raw.githubusercontent.com/JULIELab/alz/master/v1_201901/xml/allgemeineliter30unkngoog.xml	Tesseract 4.0	310	263498
1835	2	University of Michigan	https://archive.org/details/allgemeineliter32unkngoog	allgemeineliter32unkngoog	https://raw.githubusercontent.com/JULIELab/alz/master/v1_201901/xml/allgemeineliter32unkngoog.xml	Tesseract 4.0	314	310947
1837	3	University of Michigan	https://archive.org/details/allgemeineliter33unkngoog	allgemeineliter33unkngoog	https://raw.githubusercontent.com/JULIELab/alz/master/v1_201901/xml/allgemeineliter33unkngoog.xml	Tesseract 4.0	326	320396
1835	5	University of Michigan	https://archive.org/details/allgemeineliter34unkngoog	allgemeineliter34unkngoog	https://raw.githubusercontent.com/JULIELab/alz/master/v1_201901/xml/allgemeineliter34unkngoog.xml	Tesseract 4.0	322	262252
1839	1_2_3	Oxford University	https://archive.org/details/allgemeineliter355unkngoog	allgemeineliter355unkngoog	https://raw.githubusercontent.com/JULIELab/alz/master/v1_201901/xml/allgemeineliter355unkngoog.xml	Tesseract 4.0	977	814038
1842	4	University of Michigan	https://archive.org/details/allgemeineliter42unkngoog	allgemeineliter42unkngoog	https://raw.githubusercontent.com/JULIELab/alz/master/v1_201901/xml/allgemeineliter42unkngoog.xml	Tesseract 4.0	430	363665
1833	1	University of Michigan	https://archive.org/details/allgemeineliter43unkngoog	allgemeineliter43unkngoog	https://raw.githubusercontent.com/JULIELab/alz/master/v1_201901/xml/allgemeineliter43unkngoog.xml	Tesseract 4.0	328	329378
1842	1_2	University of Michigan	https://archive.org/details/allgemeineliter46unkngoog	allgemeineliter46unkngoog	https://raw.githubusercontent.com/JULIELab/alz/master/v1_201901/xml/allgemeineliter46unkngoog.xml	Tesseract 4.0	618	530801
1834	1	University of Michigan	https://archive.org/details/allgemeineliter48unkngoog	allgemeineliter48unkngoog	https://raw.githubusercontent.com/JULIELab/alz/master/v1_201901/xml/allgemeineliter48unkngoog.xml	Tesseract 4.0	328	324168
1838	3	University of Michigan	https://archive.org/details/allgemeineliter55unkngoog	allgemeineliter55unkngoog	https://raw.githubusercontent.com/JULIELab/alz/master/v1_201901/xml/allgemeineliter55unkngoog.xml	Tesseract 4.0	330	318909
1829	2	University of Michigan	https://archive.org/details/allgemeineliter64unkngoog	allgemeineliter64unkngoog	https://raw.githubusercontent.com/JULIELab/alz/master/v1_201901/xml/allgemeineliter64unkngoog.xml	Tesseract 4.0	342	355950
1833	4	University of Michigan	https://archive.org/details/allgemeineliter66unkngoog	allgemeineliter66unkngoog	https://raw.githubusercontent.com/JULIELab/alz/master/v1_201901/xml/allgemeineliter66unkngoog.xml	Tesseract 4.0	492	489874
1846	2	New York Public Library	https://archive.org/details/allgemeineliter77unkngoog	allgemeineliter77unkngoog	https://raw.githubusercontent.com/JULIELab/alz/master/v1_201901/xml/allgemeineliter77unkngoog.xml	Tesseract 4.0	586	477085
1835	3	University of Michigan	https://archive.org/details/allgemeineliter82unkngoog	allgemeineliter82unkngoog	https://raw.githubusercontent.com/JULIELab/alz/master/v1_201901/xml/allgemeineliter82unkngoog.xml	Tesseract 4.0	318	320164
1838	4	University of Michigan	https://archive.org/details/allgemeineliter83unkngoog	allgemeineliter83unkngoog	https://raw.githubusercontent.com/JULIELab/alz/master/v1_201901/xml/allgemeineliter83unkngoog.xml	Tesseract 4.0	458	465146
1838	2	University of Michigan	https://archive.org/details/allgemeineliter96unkngoog	allgemeineliter96unkngoog	https://raw.githubusercontent.com/JULIELab/alz/master/v1_201901/xml/allgemeineliter96unkngoog.xml	Tesseract 4.0	326	331041
1845	1	University of Illinois Urbana-Champaign	https://archive.org/details/allgemeinelitera1845unse	allgemeinelitera1845unse	https://raw.githubusercontent.com/JULIELab/alz/master/v1_201901/xml/allgemeinelitera1845unse.xml	Tesseract 4.0	604	494164
1847	2	University of Illinois Urbana-Champaign	https://archive.org/details/allgemeinelitera1847unse	allgemeinelitera1847unse	https://raw.githubusercontent.com/JULIELab/alz/master/v1_201901/xml/allgemeinelitera1847unse.xml	Tesseract 4.0	908	804936
1785	1	Bavarian State Library	https://app.digitale-sammlungen.de/bookshelf/bsb10501962	bsb10501962	https://raw.githubusercontent.com/JULIELab/alz/master/v1_201901/xml/bsb10501962.xml	Tesseract 4.0	436	416884
1785	2	Bavarian State Library	https://app.digitale-sammlungen.de/bookshelf/bsb10501963	bsb10501963	https://raw.githubusercontent.com/JULIELab/alz/master/v1_201901/xml/bsb10501963.xml	Tesseract 4.0	436	394376
1785	3	Bavarian State Library	https://app.digitale-sammlungen.de/bookshelf/bsb10501964	bsb10501964	https://raw.githubusercontent.com/JULIELab/alz/master/v1_201901/xml/bsb10501964.xml	Tesseract 4.0	474	438761
1785	4	Bavarian State Library	https://app.digitale-sammlungen.de/bookshelf/bsb10501965	bsb10501965	https://raw.githubusercontent.com/JULIELab/alz/master/v1_201901/xml/bsb10501965.xml	Tesseract 4.0	428	389103
1786	1	Bavarian State Library	https://app.digitale-sammlungen.de/bookshelf/bsb10501966	bsb10501966	https://raw.githubusercontent.com/JULIELab/alz/master/v1_201901/xml/bsb10501966.xml	Tesseract 4.0	356	335891
1786	2	Bavarian State Library	https://app.digitale-sammlungen.de/bookshelf/bsb10501967	bsb10501967	https://raw.githubusercontent.com/JULIELab/alz/master/v1_201901/xml/bsb10501967.xml	Tesseract 4.0	342	326722
1786	3	Bavarian State Library	https://app.digitale-sammlungen.de/bookshelf/bsb10501968	bsb10501968	https://raw.githubusercontent.com/JULIELab/alz/master/v1_201901/xml/bsb10501968.xml	Tesseract 4.0	346	338027
1786	4	Bavarian State Library	https://app.digitale-sammlungen.de/bookshelf/bsb10501969	bsb10501969	https://raw.githubusercontent.com/JULIELab/alz/master/v1_201901/xml/bsb10501969.xml	Tesseract 4.0	348	344725
1786	5	Bavarian State Library	https://app.digitale-sammlungen.de/bookshelf/bsb10501970	bsb10501970	https://raw.githubusercontent.com/JULIELab/alz/master/v1_201901/xml/bsb10501970.xml	Tesseract 4.0	430	431553
1787	1	Bavarian State Library	https://app.digitale-sammlungen.de/bookshelf/bsb10501971	bsb10501971	https://raw.githubusercontent.com/JULIELab/alz/master/v1_201901/xml/bsb10501971.xml	Tesseract 4.0	446	445804
1787	2	Bavarian State Library	https://app.digitale-sammlungen.de/bookshelf/bsb10501972	bsb10501972	https://raw.githubusercontent.com/JULIELab/alz/master/v1_201901/xml/bsb10501972.xml	Tesseract 4.0	400	395960
1787	3	Bavarian State Library	https://app.digitale-sammlungen.de/bookshelf/bsb10501973	bsb10501973	https://raw.githubusercontent.com/JULIELab/alz/master/v1_201901/xml/bsb10501973.xml	Tesseract 4.0	490	487585
1787	4	Bavarian State Library	https://app.digitale-sammlungen.de/bookshelf/bsb10501974	bsb10501974	https://raw.githubusercontent.com/JULIELab/alz/master/v1_201901/xml/bsb10501974.xml	Tesseract 4.0	512	520304
1788	1	Bavarian State Library	https://app.digitale-sammlungen.de/bookshelf/bsb10501975	bsb10501975	https://raw.githubusercontent.com/JULIELab/alz/master/v1_201901/xml/bsb10501975.xml	Tesseract 4.0	490	489293
1788	2	Bavarian State Library	https://app.digitale-sammlungen.de/bookshelf/bsb10501976	bsb10501976	https://raw.githubusercontent.com/JULIELab/alz/master/v1_201901/xml/bsb10501976.xml	Tesseract 4.0	470	476849
1788	3	Bavarian State Library	https://app.digitale-sammlungen.de/bookshelf/bsb10501977	bsb10501977	https://raw.githubusercontent.com/JULIELab/alz/master/v1_201901/xml/bsb10501977.xml	Tesseract 4.0	544	556867
1788	4	Bavarian State Library	https://app.digitale-sammlungen.de/bookshelf/bsb10501978	bsb10501978	https://raw.githubusercontent.com/JULIELab/alz/master/v1_201901/xml/bsb10501978.xml	Tesseract 4.0	550	549319
1789	1	Bavarian State Library	https://app.digitale-sammlungen.de/bookshelf/bsb10501979	bsb10501979	https://raw.githubusercontent.com/JULIELab/alz/master/v1_201901/xml/bsb10501979.xml	Tesseract 4.0	624	586246
1789	2	Bavarian State Library	https://app.digitale-sammlungen.de/bookshelf/bsb10501980	bsb10501980	https://raw.githubusercontent.com/JULIELab/alz/master/v1_201901/xml/bsb10501980.xml	Tesseract 4.0	554	527634
1789	3	Bavarian State Library	https://app.digitale-sammlungen.de/bookshelf/bsb10501981	bsb10501981	https://raw.githubusercontent.com/JULIELab/alz/master/v1_201901/xml/bsb10501981.xml	Tesseract 4.0	622	602111
1789	4	Bavarian State Library	https://app.digitale-sammlungen.de/bookshelf/bsb10501982	bsb10501982	https://raw.githubusercontent.com/JULIELab/alz/master/v1_201901/xml/bsb10501982.xml	Tesseract 4.0	572	537396
1790	1	Bavarian State Library	https://app.digitale-sammlungen.de/bookshelf/bsb10501983	bsb10501983	https://raw.githubusercontent.com/JULIELab/alz/master/v1_201901/xml/bsb10501983.xml	Tesseract 4.0	564	549478
1790	2	Bavarian State Library	https://app.digitale-sammlungen.de/bookshelf/bsb10501984	bsb10501984	https://raw.githubusercontent.com/JULIELab/alz/master/v1_201901/xml/bsb10501984.xml	Tesseract 4.0	560	529411
1790	3	Bavarian State Library	https://app.digitale-sammlungen.de/bookshelf/bsb10501985	bsb10501985	https://raw.githubusercontent.com/JULIELab/alz/master/v1_201901/xml/bsb10501985.xml	Tesseract 4.0	646	607272
1791	1	Bavarian State Library	https://app.digitale-sammlungen.de/bookshelf/bsb10501986	bsb10501986	https://raw.githubusercontent.com/JULIELab/alz/master/v1_201901/xml/bsb10501986.xml	Tesseract 4.0	708	683310
1791	2	Bavarian State Library	https://app.digitale-sammlungen.de/bookshelf/bsb10501987	bsb10501987	https://raw.githubusercontent.com/JULIELab/alz/master/v1_201901/xml/bsb10501987.xml	Tesseract 4.0	620	640132
1791	3	Bavarian State Library	https://app.digitale-sammlungen.de/bookshelf/bsb10501988	bsb10501988	https://raw.githubusercontent.com/JULIELab/alz/master/v1_201901/xml/bsb10501988.xml	Tesseract 4.0	504	441247
1791	4	Bavarian State Library	https://app.digitale-sammlungen.de/bookshelf/bsb10501989	bsb10501989	https://raw.githubusercontent.com/JULIELab/alz/master/v1_201901/xml/bsb10501989.xml	Tesseract 4.0	522	573363
1791	5	Bavarian State Library	https://app.digitale-sammlungen.de/bookshelf/bsb10501990	bsb10501990	https://raw.githubusercontent.com/JULIELab/alz/master/v1_201901/xml/bsb10501990.xml	Tesseract 4.0	570	619054
1792	1	Bavarian State Library	https://app.digitale-sammlungen.de/bookshelf/bsb10501991	bsb10501991	https://raw.githubusercontent.com/JULIELab/alz/master/v1_201901/xml/bsb10501991.xml	Tesseract 4.0	548	582364
1792	2	Bavarian State Library	https://app.digitale-sammlungen.de/bookshelf/bsb10501992	bsb10501992	https://raw.githubusercontent.com/JULIELab/alz/master/v1_201901/xml/bsb10501992.xml	Tesseract 4.0	546	576006
1792	3	Bavarian State Library	https://app.digitale-sammlungen.de/bookshelf/bsb10501993	bsb10501993	https://raw.githubusercontent.com/JULIELab/alz/master/v1_201901/xml/bsb10501993.xml	Tesseract 4.0	522	569902
1792	4	Bavarian State Library	https://app.digitale-sammlungen.de/bookshelf/bsb10501994	bsb10501994	https://raw.githubusercontent.com/JULIELab/alz/master/v1_201901/xml/bsb10501994.xml	Tesseract 4.0	540	576654
1793	1	Bavarian State Library	https://app.digitale-sammlungen.de/bookshelf/bsb10501995	bsb10501995	https://raw.githubusercontent.com/JULIELab/alz/master/v1_201901/xml/bsb10501995.xml	Tesseract 4.0	522	536745
1793	2	Bavarian State Library	https://app.digitale-sammlungen.de/bookshelf/bsb10501996	bsb10501996	https://raw.githubusercontent.com/JULIELab/alz/master/v1_201901/xml/bsb10501996.xml	Tesseract 4.0	558	579369
1794	1	Bavarian State Library	https://app.digitale-sammlungen.de/bookshelf/bsb10501997	bsb10501997	https://raw.githubusercontent.com/JULIELab/alz/master/v1_201901/xml/bsb10501997.xml	Tesseract 4.0	594	615253
1794	2	Bavarian State Library	https://app.digitale-sammlungen.de/bookshelf/bsb10501998	bsb10501998	https://raw.githubusercontent.com/JULIELab/alz/master/v1_201901/xml/bsb10501998.xml	Tesseract 4.0	602	635273
1794	3	Bavarian State Library	https://app.digitale-sammlungen.de/bookshelf/bsb10501999	bsb10501999	https://raw.githubusercontent.com/JULIELab/alz/master/v1_201901/xml/bsb10501999.xml	Tesseract 4.0	640	688439
1795	1	Bavarian State Library	https://app.digitale-sammlungen.de/bookshelf/bsb10502000	bsb10502000	https://raw.githubusercontent.com/JULIELab/alz/master/v1_201901/xml/bsb10502000.xml	Tesseract 4.0	540	577821
1795	2	Bavarian State Library	https://app.digitale-sammlungen.de/bookshelf/bsb10502001	bsb10502001	https://raw.githubusercontent.com/JULIELab/alz/master/v1_201901/xml/bsb10502001.xml	Tesseract 4.0	558	534605
1795	3	Bavarian State Library	https://app.digitale-sammlungen.de/bookshelf/bsb10502002	bsb10502002	https://raw.githubusercontent.com/JULIELab/alz/master/v1_201901/xml/bsb10502002.xml	Tesseract 4.0	506	527070
1795	4	Bavarian State Library	https://app.digitale-sammlungen.de/bookshelf/bsb10502003	bsb10502003	https://raw.githubusercontent.com/JULIELab/alz/master/v1_201901/xml/bsb10502003.xml	Tesseract 4.0	550	546215
1795	5	Bavarian State Library	https://app.digitale-sammlungen.de/bookshelf/bsb10502004	bsb10502004	https://raw.githubusercontent.com/JULIELab/alz/master/v1_201901/xml/bsb10502004.xml	Tesseract 4.0	578	604217
1796	1	Bavarian State Library	https://app.digitale-sammlungen.de/bookshelf/bsb10502005	bsb10502005	https://raw.githubusercontent.com/JULIELab/alz/master/v1_201901/xml/bsb10502005.xml	Tesseract 4.0	636	666962
1796	2	Bavarian State Library	https://app.digitale-sammlungen.de/bookshelf/bsb10502006	bsb10502006	https://raw.githubusercontent.com/JULIELab/alz/master/v1_201901/xml/bsb10502006.xml	Tesseract 4.0	622	644379
1796	3	Bavarian State Library	https://app.digitale-sammlungen.de/bookshelf/bsb10502007	bsb10502007	https://raw.githubusercontent.com/JULIELab/alz/master/v1_201901/xml/bsb10502007.xml	Tesseract 4.0	684	716827
1796	4	Bavarian State Library	https://app.digitale-sammlungen.de/bookshelf/bsb10502008	bsb10502008	https://raw.githubusercontent.com/JULIELab/alz/master/v1_201901/xml/bsb10502008.xml	Tesseract 4.0	690	736619
1797	1	Bavarian State Library	https://app.digitale-sammlungen.de/bookshelf/bsb10502009	bsb10502009	https://raw.githubusercontent.com/JULIELab/alz/master/v1_201901/xml/bsb10502009.xml	Tesseract 4.0	608	628524
1797	2	Bavarian State Library	https://app.digitale-sammlungen.de/bookshelf/bsb10502010	bsb10502010	https://raw.githubusercontent.com/JULIELab/alz/master/v1_201901/xml/bsb10502010.xml	Tesseract 4.0	616	616743
1797	3	Bavarian State Library	https://app.digitale-sammlungen.de/bookshelf/bsb10502011	bsb10502011	https://raw.githubusercontent.com/JULIELab/alz/master/v1_201901/xml/bsb10502011.xml	Tesseract 4.0	638	662543
1797	4	Bavarian State Library	https://app.digitale-sammlungen.de/bookshelf/bsb10502012	bsb10502012	https://raw.githubusercontent.com/JULIELab/alz/master/v1_201901/xml/bsb10502012.xml	Tesseract 4.0	644	635767
1798	1	Bavarian State Library	https://app.digitale-sammlungen.de/bookshelf/bsb10502013	bsb10502013	https://raw.githubusercontent.com/JULIELab/alz/master/v1_201901/xml/bsb10502013.xml	Tesseract 4.0	690	697357
1798	2	Bavarian State Library	https://app.digitale-sammlungen.de/bookshelf/bsb10502014	bsb10502014	https://raw.githubusercontent.com/JULIELab/alz/master/v1_201901/xml/bsb10502014.xml	Tesseract 4.0	592	576319
1798	3	Bavarian State Library	https://app.digitale-sammlungen.de/bookshelf/bsb10502015	bsb10502015	https://raw.githubusercontent.com/JULIELab/alz/master/v1_201901/xml/bsb10502015.xml	Tesseract 4.0	582	566379
1798	4	Bavarian State Library	https://app.digitale-sammlungen.de/bookshelf/bsb10502016	bsb10502016	https://raw.githubusercontent.com/JULIELab/alz/master/v1_201901/xml/bsb10502016.xml	Tesseract 4.0	668	644387
1800	1	Bavarian State Library	https://app.digitale-sammlungen.de/bookshelf/bsb10502017	bsb10502017	https://raw.githubusercontent.com/JULIELab/alz/master/v1_201901/xml/bsb10502017.xml	Google (internal)	596	561991
1800	2	Bavarian State Library	https://app.digitale-sammlungen.de/bookshelf/bsb10502018	bsb10502018	https://raw.githubusercontent.com/JULIELab/alz/master/v1_201901/xml/bsb10502018.xml	Google (internal)	630	615345
1800	3	Bavarian State Library	https://app.digitale-sammlungen.de/bookshelf/bsb10502019	bsb10502019	https://raw.githubusercontent.com/JULIELab/alz/master/v1_201901/xml/bsb10502019.xml	Google (internal)	704	691971
1800	4	Bavarian State Library	https://app.digitale-sammlungen.de/bookshelf/bsb10502020	bsb10502020	https://raw.githubusercontent.com/JULIELab/alz/master/v1_201901/xml/bsb10502020.xml	Google (internal)	672	652863
1801	1	Bavarian State Library	https://app.digitale-sammlungen.de/bookshelf/bsb10502021	bsb10502021	https://raw.githubusercontent.com/JULIELab/alz/master/v1_201901/xml/bsb10502021.xml	Google (internal)	798	753562
1801	2	Bavarian State Library	https://app.digitale-sammlungen.de/bookshelf/bsb10502022	bsb10502022	https://raw.githubusercontent.com/JULIELab/alz/master/v1_201901/xml/bsb10502022.xml	Google (internal)	670	632790
1801	3	Bavarian State Library	https://app.digitale-sammlungen.de/bookshelf/bsb10502023	bsb10502023	https://raw.githubusercontent.com/JULIELab/alz/master/v1_201901/xml/bsb10502023.xml	Google (internal)	682	639149
1801	4	Bavarian State Library	https://app.digitale-sammlungen.de/bookshelf/bsb10502024	bsb10502024	https://raw.githubusercontent.com/JULIELab/alz/master/v1_201901/xml/bsb10502024.xml	Google (internal)	656	546874
1802	1	Bavarian State Library	https://app.digitale-sammlungen.de/bookshelf/bsb10502025	bsb10502025	https://raw.githubusercontent.com/JULIELab/alz/master/v1_201901/xml/bsb10502025.xml	Google (internal)	664	607468
1802	2	Bavarian State Library	https://app.digitale-sammlungen.de/bookshelf/bsb10502026	bsb10502026	https://raw.githubusercontent.com/JULIELab/alz/master/v1_201901/xml/bsb10502026.xml	Google (internal)	620	536166
1802	3	Bavarian State Library	https://app.digitale-sammlungen.de/bookshelf/bsb10502027	bsb10502027	https://raw.githubusercontent.com/JULIELab/alz/master/v1_201901/xml/bsb10502027.xml	Google (internal)	720	690567
1802	4	Bavarian State Library	https://app.digitale-sammlungen.de/bookshelf/bsb10502028	bsb10502028	https://raw.githubusercontent.com/JULIELab/alz/master/v1_201901/xml/bsb10502028.xml	Google (internal)	700	659641
1803	1	Bavarian State Library	https://app.digitale-sammlungen.de/bookshelf/bsb10502029	bsb10502029	https://raw.githubusercontent.com/JULIELab/alz/master/v1_201901/xml/bsb10502029.xml	Google (internal)	708	677549
1803	2	Bavarian State Library	https://app.digitale-sammlungen.de/bookshelf/bsb10502030	bsb10502030	https://raw.githubusercontent.com/JULIELab/alz/master/v1_201901/xml/bsb10502030.xml	Google (internal)	700	681439
1803	3	Bavarian State Library	https://app.digitale-sammlungen.de/bookshelf/bsb10502031	bsb10502031	https://raw.githubusercontent.com/JULIELab/alz/master/v1_201901/xml/bsb10502031.xml	Google (internal)	636	600964
1803	4	Bavarian State Library	https://app.digitale-sammlungen.de/bookshelf/bsb10502032	bsb10502032	https://raw.githubusercontent.com/JULIELab/alz/master/v1_201901/xml/bsb10502032.xml	Google (internal)	558	530703
1804	1	Bavarian State Library	https://app.digitale-sammlungen.de/bookshelf/bsb10502033	bsb10502033	https://raw.githubusercontent.com/JULIELab/alz/master/v1_201901/xml/bsb10502033.xml	Google (internal)	670	640451
1804	2	Bavarian State Library	https://app.digitale-sammlungen.de/bookshelf/bsb10502034	bsb10502034	https://raw.githubusercontent.com/JULIELab/alz/master/v1_201901/xml/bsb10502034.xml	Google (internal)	642	615006
1804	3	Bavarian State Library	https://app.digitale-sammlungen.de/bookshelf/bsb10502035	bsb10502035	https://raw.githubusercontent.com/JULIELab/alz/master/v1_201901/xml/bsb10502035.xml	Google (internal)	612	584233
1804	4	Bavarian State Library	https://app.digitale-sammlungen.de/bookshelf/bsb10502036	bsb10502036	https://raw.githubusercontent.com/JULIELab/alz/master/v1_201901/xml/bsb10502036.xml	Google (internal)	630	602062
1805	1	Bavarian State Library	https://app.digitale-sammlungen.de/bookshelf/bsb10502037	bsb10502037	https://raw.githubusercontent.com/JULIELab/alz/master/v1_201901/xml/bsb10502037.xml	Google (internal)	586	561440
1805	2	Bavarian State Library	https://app.digitale-sammlungen.de/bookshelf/bsb10502038	bsb10502038	https://raw.githubusercontent.com/JULIELab/alz/master/v1_201901/xml/bsb10502038.xml	Google (internal)	638	618593
1805	3	Bavarian State Library	https://app.digitale-sammlungen.de/bookshelf/bsb10502039	bsb10502039	https://raw.githubusercontent.com/JULIELab/alz/master/v1_201901/xml/bsb10502039.xml	Google (internal)	572	563056
1805	4	Bavarian State Library	https://app.digitale-sammlungen.de/bookshelf/bsb10502040	bsb10502040	https://raw.githubusercontent.com/JULIELab/alz/master/v1_201901/xml/bsb10502040.xml	Google (internal)	558	542175
1806	1	Bavarian State Library	https://app.digitale-sammlungen.de/bookshelf/bsb10502041	bsb10502041	https://raw.githubusercontent.com/JULIELab/alz/master/v1_201901/xml/bsb10502041.xml	Google (internal)	548	531471
1806	2	Bavarian State Library	https://app.digitale-sammlungen.de/bookshelf/bsb10502042	bsb10502042	https://raw.githubusercontent.com/JULIELab/alz/master/v1_201901/xml/bsb10502042.xml	Google (internal)	500	485168
1806	3	Bavarian State Library	https://app.digitale-sammlungen.de/bookshelf/bsb10502043	bsb10502043	https://raw.githubusercontent.com/JULIELab/alz/master/v1_201901/xml/bsb10502043.xml	Google (internal)	550	537054
1806	4	Bavarian State Library	https://app.digitale-sammlungen.de/bookshelf/bsb10502044	bsb10502044	https://raw.githubusercontent.com/JULIELab/alz/master/v1_201901/xml/bsb10502044.xml	Google (internal)	422	415163
1811	1	Bavarian State Library	https://app.digitale-sammlungen.de/bookshelf/bsb10502045	bsb10502045	https://raw.githubusercontent.com/JULIELab/alz/master/v1_201901/xml/bsb10502045.xml	Google (internal)	514	498079
1811	2	Bavarian State Library	https://app.digitale-sammlungen.de/bookshelf/bsb10502046	bsb10502046	https://raw.githubusercontent.com/JULIELab/alz/master/v1_201901/xml/bsb10502046.xml	Google (internal)	506	500039
1811	3	Bavarian State Library	https://app.digitale-sammlungen.de/bookshelf/bsb10502047	bsb10502047	https://raw.githubusercontent.com/JULIELab/alz/master/v1_201901/xml/bsb10502047.xml	Google (internal)	496	489066
1812	1	Bavarian State Library	https://app.digitale-sammlungen.de/bookshelf/bsb10502048	bsb10502048	https://raw.githubusercontent.com/JULIELab/alz/master/v1_201901/xml/bsb10502048.xml	Google (internal)	466	444703
1812	2	Bavarian State Library	https://app.digitale-sammlungen.de/bookshelf/bsb10502049	bsb10502049	https://raw.githubusercontent.com/JULIELab/alz/master/v1_201901/xml/bsb10502049.xml	Google (internal)	462	448782
1812	3	Bavarian State Library	https://app.digitale-sammlungen.de/bookshelf/bsb10502050	bsb10502050	https://raw.githubusercontent.com/JULIELab/alz/master/v1_201901/xml/bsb10502050.xml	Google (internal)	544	532458
1813	1	Bavarian State Library	https://app.digitale-sammlungen.de/bookshelf/bsb10502051	bsb10502051	https://raw.githubusercontent.com/JULIELab/alz/master/v1_201901/xml/bsb10502051.xml	Google (internal)	454	433718
1813	2	Bavarian State Library	https://app.digitale-sammlungen.de/bookshelf/bsb10502052	bsb10502052	https://raw.githubusercontent.com/JULIELab/alz/master/v1_201901/xml/bsb10502052.xml	Google (internal)	448	422380
1813	3	Bavarian State Library	https://app.digitale-sammlungen.de/bookshelf/bsb10502053	bsb10502053	https://raw.githubusercontent.com/JULIELab/alz/master/v1_201901/xml/bsb10502053.xml	Tesseract 4.0	452	461577
1814	1	Bavarian State Library	https://app.digitale-sammlungen.de/bookshelf/bsb10502054	bsb10502054	https://raw.githubusercontent.com/JULIELab/alz/master/v1_201901/xml/bsb10502054.xml	Google (internal)	430	404403
1814	2	Bavarian State Library	https://app.digitale-sammlungen.de/bookshelf/bsb10502055	bsb10502055	https://raw.githubusercontent.com/JULIELab/alz/master/v1_201901/xml/bsb10502055.xml	Google (internal)	426	394479
1814	3	Bavarian State Library	https://app.digitale-sammlungen.de/bookshelf/bsb10502056	bsb10502056	https://raw.githubusercontent.com/JULIELab/alz/master/v1_201901/xml/bsb10502056.xml	Google (internal)	488	462069
1814	4	Bavarian State Library	https://app.digitale-sammlungen.de/bookshelf/bsb10502057	bsb10502057	https://raw.githubusercontent.com/JULIELab/alz/master/v1_201901/xml/bsb10502057.xml	Google (internal)	589	578626
1815	1	Bavarian State Library	https://app.digitale-sammlungen.de/bookshelf/bsb10502058	bsb10502058	https://raw.githubusercontent.com/JULIELab/alz/master/v1_201901/xml/bsb10502058.xml	Google (internal)	430	405335
1815	2	Bavarian State Library	https://app.digitale-sammlungen.de/bookshelf/bsb10502059	bsb10502059	https://raw.githubusercontent.com/JULIELab/alz/master/v1_201901/xml/bsb10502059.xml	Google (internal)	438	411219
1815	3	Bavarian State Library	https://app.digitale-sammlungen.de/bookshelf/bsb10502060	bsb10502060	https://raw.githubusercontent.com/JULIELab/alz/master/v1_201901/xml/bsb10502060.xml	Google (internal)	492	460861
1815	4	Bavarian State Library	https://app.digitale-sammlungen.de/bookshelf/bsb10502061	bsb10502061	https://raw.githubusercontent.com/JULIELab/alz/master/v1_201901/xml/bsb10502061.xml	Google (internal)	586	576210
1816	1	Bavarian State Library	https://app.digitale-sammlungen.de/bookshelf/bsb10502062	bsb10502062	https://raw.githubusercontent.com/JULIELab/alz/master/v1_201901/xml/bsb10502062.xml	Google (internal)	444	415865
1816	2	Bavarian State Library	https://app.digitale-sammlungen.de/bookshelf/bsb10502063	bsb10502063	https://raw.githubusercontent.com/JULIELab/alz/master/v1_201901/xml/bsb10502063.xml	Google (internal)	446	424633
1816	3	Bavarian State Library	https://app.digitale-sammlungen.de/bookshelf/bsb10502064	bsb10502064	https://raw.githubusercontent.com/JULIELab/alz/master/v1_201901/xml/bsb10502064.xml	Google (internal)	468	438095
1816	4	Bavarian State Library	https://app.digitale-sammlungen.de/bookshelf/bsb10502065	bsb10502065	https://raw.githubusercontent.com/JULIELab/alz/master/v1_201901/xml/bsb10502065.xml	Google (internal)	620	618603
1817	1	Bavarian State Library	https://app.digitale-sammlungen.de/bookshelf/bsb10502066	bsb10502066	https://raw.githubusercontent.com/JULIELab/alz/master/v1_201901/xml/bsb10502066.xml	Google (internal)	458	422885
1817	2	Bavarian State Library	https://app.digitale-sammlungen.de/bookshelf/bsb10502067	bsb10502067	https://raw.githubusercontent.com/JULIELab/alz/master/v1_201901/xml/bsb10502067.xml	Google (internal)	458	432568
1817	3	Bavarian State Library	https://app.digitale-sammlungen.de/bookshelf/bsb10502068	bsb10502068	https://raw.githubusercontent.com/JULIELab/alz/master/v1_201901/xml/bsb10502068.xml	Google (internal)	458	425413
1817	4	Bavarian State Library	https://app.digitale-sammlungen.de/bookshelf/bsb10502069	bsb10502069	https://raw.githubusercontent.com/JULIELab/alz/master/v1_201901/xml/bsb10502069.xml	Google (internal)	584	569700
1818	1	Bavarian State Library	https://app.digitale-sammlungen.de/bookshelf/bsb10502070	bsb10502070	https://raw.githubusercontent.com/JULIELab/alz/master/v1_201901/xml/bsb10502070.xml	Google (internal)	460	420989
1818	2	Bavarian State Library	https://app.digitale-sammlungen.de/bookshelf/bsb10502071	bsb10502071	https://raw.githubusercontent.com/JULIELab/alz/master/v1_201901/xml/bsb10502071.xml	Google (internal)	474	443450
1818	3	Bavarian State Library	https://app.digitale-sammlungen.de/bookshelf/bsb10502072	bsb10502072	https://raw.githubusercontent.com/JULIELab/alz/master/v1_201901/xml/bsb10502072.xml	Google (internal)	466	427214
1818	4	Bavarian State Library	https://app.digitale-sammlungen.de/bookshelf/bsb10502073	bsb10502073	https://raw.githubusercontent.com/JULIELab/alz/master/v1_201901/xml/bsb10502073.xml	Google (internal)	586	579710
1819	1	Bavarian State Library	https://app.digitale-sammlungen.de/bookshelf/bsb10502074	bsb10502074	https://raw.githubusercontent.com/JULIELab/alz/master/v1_201901/xml/bsb10502074.xml	Google (internal)	470	437618
1819	2	Bavarian State Library	https://app.digitale-sammlungen.de/bookshelf/bsb10502075	bsb10502075	https://raw.githubusercontent.com/JULIELab/alz/master/v1_201901/xml/bsb10502075.xml	Google (internal)	446	421670
1819	3	Bavarian State Library	https://app.digitale-sammlungen.de/bookshelf/bsb10502076	bsb10502076	https://raw.githubusercontent.com/JULIELab/alz/master/v1_201901/xml/bsb10502076.xml	Google (internal)	470	431878
1819	4	Bavarian State Library	https://app.digitale-sammlungen.de/bookshelf/bsb10502077	bsb10502077	https://raw.githubusercontent.com/JULIELab/alz/master/v1_201901/xml/bsb10502077.xml	Google (internal)	574	556431
1820	1	Bavarian State Library	https://app.digitale-sammlungen.de/bookshelf/bsb10502078	bsb10502078	https://raw.githubusercontent.com/JULIELab/alz/master/v1_201901/xml/bsb10502078.xml	Google (internal)	476	449974
1820	2	Bavarian State Library	https://app.digitale-sammlungen.de/bookshelf/bsb10502079	bsb10502079	https://raw.githubusercontent.com/JULIELab/alz/master/v1_201901/xml/bsb10502079.xml	Google (internal)	488	460202
1820	3	Bavarian State Library	https://app.digitale-sammlungen.de/bookshelf/bsb10502080	bsb10502080	https://raw.githubusercontent.com/JULIELab/alz/master/v1_201901/xml/bsb10502080.xml	Google (internal)	468	437067
1820	4	Bavarian State Library	https://app.digitale-sammlungen.de/bookshelf/bsb10502081	bsb10502081	https://raw.githubusercontent.com/JULIELab/alz/master/v1_201901/xml/bsb10502081.xml	Google (internal)	584	565850
1821	1_2	Bavarian State Library	https://app.digitale-sammlungen.de/bookshelf/bsb10502082	bsb10502082	https://raw.githubusercontent.com/JULIELab/alz/master/v1_201901/xml/bsb10502082.xml	Google (internal)	682	631372
1821	3_4	Bavarian State Library	https://app.digitale-sammlungen.de/bookshelf/bsb10502083	bsb10502083	https://raw.githubusercontent.com/JULIELab/alz/master/v1_201901/xml/bsb10502083.xml	Google (internal)	710	659904
1821	5	Bavarian State Library	https://app.digitale-sammlungen.de/bookshelf/bsb10502084	bsb10502084	https://raw.githubusercontent.com/JULIELab/alz/master/v1_201901/xml/bsb10502084.xml	Google (internal)	586	562400
1822	1_2	Bavarian State Library	https://app.digitale-sammlungen.de/bookshelf/bsb10502085	bsb10502085	https://raw.githubusercontent.com/JULIELab/alz/master/v1_201901/xml/bsb10502085.xml	Google (internal)	690	646885
1823	1_2	Bavarian State Library	https://app.digitale-sammlungen.de/bookshelf/bsb10502087	bsb10502087	https://raw.githubusercontent.com/JULIELab/alz/master/v1_201901/xml/bsb10502087.xml	Google (internal)	684	638135
1823	3_4	Bavarian State Library	https://app.digitale-sammlungen.de/bookshelf/bsb10502088	bsb10502088	https://raw.githubusercontent.com/JULIELab/alz/master/v1_201901/xml/bsb10502088.xml	Google (internal)	694	649351
1823	5	Bavarian State Library	https://app.digitale-sammlungen.de/bookshelf/bsb10502089	bsb10502089	https://raw.githubusercontent.com/JULIELab/alz/master/v1_201901/xml/bsb10502089.xml	Tesseract 4.0	586	614680
1825	1_2	Bavarian State Library	https://app.digitale-sammlungen.de/bookshelf/bsb10502091	bsb10502091	https://raw.githubusercontent.com/JULIELab/alz/master/v1_201901/xml/bsb10502091.xml	Google (internal)	680	636781
1825	3_4	Bavarian State Library	https://app.digitale-sammlungen.de/bookshelf/bsb10502092	bsb10502092	https://raw.githubusercontent.com/JULIELab/alz/master/v1_201901/xml/bsb10502092.xml	Google (internal)	696	650419
1825	5	Bavarian State Library	https://app.digitale-sammlungen.de/bookshelf/bsb10502093	bsb10502093	https://raw.githubusercontent.com/JULIELab/alz/master/v1_201901/xml/bsb10502093.xml	Google (internal)	618	605809
1826	1_2	Bavarian State Library	https://app.digitale-sammlungen.de/bookshelf/bsb10502094	bsb10502094	https://raw.githubusercontent.com/JULIELab/alz/master/v1_201901/xml/bsb10502094.xml	Google (internal)	702	654179
1826	3_4	Bavarian State Library	https://app.digitale-sammlungen.de/bookshelf/bsb10502095	bsb10502095	https://raw.githubusercontent.com/JULIELab/alz/master/v1_201901/xml/bsb10502095.xml	Google (internal)	700	630637
1826	5	Bavarian State Library	https://app.digitale-sammlungen.de/bookshelf/bsb10502096	bsb10502096	https://raw.githubusercontent.com/JULIELab/alz/master/v1_201901/xml/bsb10502096.xml	Google (internal)	626	608149
1793	3	Bavarian State Library	https://app.digitale-sammlungen.de/bookshelf/bsb10628808	bsb10628808	https://raw.githubusercontent.com/JULIELab/alz/master/v1_201901/xml/bsb10628808.xml	Tesseract 4.0	538	572717
1793	4	Bavarian State Library	https://app.digitale-sammlungen.de/bookshelf/bsb10628809	bsb10628809	https://raw.githubusercontent.com/JULIELab/alz/master/v1_201901/xml/bsb10628809.xml	Tesseract 4.0	504	537462
1799	1	Bavarian State Library	https://app.digitale-sammlungen.de/bookshelf/bsb10628810	bsb10628810	https://raw.githubusercontent.com/JULIELab/alz/master/v1_201901/xml/bsb10628810.xml	Tesseract 4.0	612	598383
1799	2	Bavarian State Library	https://app.digitale-sammlungen.de/bookshelf/bsb10628811	bsb10628811	https://raw.githubusercontent.com/JULIELab/alz/master/v1_201901/xml/bsb10628811.xml	Tesseract 4.0	616	613086
1799	3	Bavarian State Library	https://app.digitale-sammlungen.de/bookshelf/bsb10628812	bsb10628812	https://raw.githubusercontent.com/JULIELab/alz/master/v1_201901/xml/bsb10628812.xml	Tesseract 4.0	626	640826
1799	4	Bavarian State Library	https://app.digitale-sammlungen.de/bookshelf/bsb10628813	bsb10628813	https://raw.githubusercontent.com/JULIELab/alz/master/v1_201901/xml/bsb10628813.xml	Tesseract 4.0	634	603923
1841	1_2	University of Michigan	https://archive.org/details/bub_gb_-hk4AAAAMAAJ	bub_gb_-hk4AAAAMAAJ	https://raw.githubusercontent.com/JULIELab/alz/master/v1_201901/xml/bub_gb_-hk4AAAAMAAJ.xml	Tesseract 4.0	620	528208
1827	4	unknown library	https://archive.org/details/bub_gb_3tTjAAAAMAAJ	bub_gb_3tTjAAAAMAAJ	https://raw.githubusercontent.com/JULIELab/alz/master/v1_201901/xml/bub_gb_3tTjAAAAMAAJ.xml	Tesseract 4.0	618	628972
1843	3_5	University of Michigan	https://archive.org/details/bub_gb_7R44AAAAMAAJ	bub_gb_7R44AAAAMAAJ	https://raw.githubusercontent.com/JULIELab/alz/master/v1_201901/xml/bub_gb_7R44AAAAMAAJ.xml	Tesseract 4.0	678	627615
1831	5	University of Michigan	https://archive.org/details/bub_gb_BB04AAAAMAAJ	bub_gb_BB04AAAAMAAJ	https://raw.githubusercontent.com/JULIELab/alz/master/v1_201901/xml/bub_gb_BB04AAAAMAAJ.xml	Tesseract 4.0	354	285313
1829	5	unknown library	https://archive.org/details/bub_gb_BdCEAAAAIAAJ	bub_gb_BdCEAAAAIAAJ	https://raw.githubusercontent.com/JULIELab/alz/master/v1_201901/xml/bub_gb_BdCEAAAAIAAJ.xml	Tesseract 4.0	480	410505
1809	1_2	Princeton University	https://archive.org/details/bub_gb_ByBRAAAAYAAJ	bub_gb_ByBRAAAAYAAJ	https://raw.githubusercontent.com/JULIELab/alz/master/v1_201901/xml/bub_gb_ByBRAAAAYAAJ.xml	Tesseract 4.0	995	1003366
1839	4	University of Michigan	https://archive.org/details/bub_gb_Chg4AAAAMAAJ	bub_gb_Chg4AAAAMAAJ	https://raw.githubusercontent.com/JULIELab/alz/master/v1_201901/xml/bub_gb_Chg4AAAAMAAJ.xml	Tesseract 4.0	458	392834
1844	2	Princeton University	https://archive.org/details/bub_gb_Fy9RAAAAYAAJ	bub_gb_Fy9RAAAAYAAJ	https://raw.githubusercontent.com/JULIELab/alz/master/v1_201901/xml/bub_gb_Fy9RAAAAYAAJ.xml	Tesseract 4.0	1022	947895
1834	5	University of Michigan	https://archive.org/details/bub_gb_Hig4AAAAMAAJ	bub_gb_Hig4AAAAMAAJ	https://raw.githubusercontent.com/JULIELab/alz/master/v1_201901/xml/bub_gb_Hig4AAAAMAAJ.xml	Tesseract 4.0	394	322923
1824	1	Indiana University	https://archive.org/details/bub_gb_M-XjAAAAMAAJ	bub_gb_M-XjAAAAMAAJ	https://raw.githubusercontent.com/JULIELab/alz/master/v1_201901/xml/bub_gb_M-XjAAAAMAAJ.xml	Tesseract 4.0	444	421026
1807	3_4	Princeton University	https://archive.org/details/bub_gb_MSlRAAAAYAAJ	bub_gb_MSlRAAAAYAAJ	https://raw.githubusercontent.com/JULIELab/alz/master/v1_201901/xml/bub_gb_MSlRAAAAYAAJ.xml	Tesseract 4.0	1056	1027245
1810	2	University of Michigan	https://archive.org/details/bub_gb_NhI4AAAAMAAJ	bub_gb_NhI4AAAAMAAJ	https://raw.githubusercontent.com/JULIELab/alz/master/v1_201901/xml/bub_gb_NhI4AAAAMAAJ.xml	Tesseract 4.0	498	490398
1827	1	Indiana University	https://archive.org/details/bub_gb_NtXjAAAAMAAJ	bub_gb_NtXjAAAAMAAJ	https://raw.githubusercontent.com/JULIELab/alz/master/v1_201901/xml/bub_gb_NtXjAAAAMAAJ.xml	Tesseract 4.0	464	439769
1838	1	unknown library	https://archive.org/details/bub_gb_PRU4AAAAMAAJ	bub_gb_PRU4AAAAMAAJ	https://raw.githubusercontent.com/JULIELab/alz/master/v1_201901/xml/bub_gb_PRU4AAAAMAAJ.xml	Tesseract 4.0	329	315385
1808	4	unknown library	https://archive.org/details/bub_gb_Pww4AAAAMAAJ	bub_gb_Pww4AAAAMAAJ	https://raw.githubusercontent.com/JULIELab/alz/master/v1_201901/xml/bub_gb_Pww4AAAAMAAJ.xml	Tesseract 4.0	634	616683
1836	5	unknown library	https://archive.org/details/bub_gb_Qiw4AAAAMAAJ	bub_gb_Qiw4AAAAMAAJ	https://raw.githubusercontent.com/JULIELab/alz/master/v1_201901/xml/bub_gb_Qiw4AAAAMAAJ.xml	Tesseract 4.0	290	228597
1832	1	University of Michigan	https://archive.org/details/bub_gb_Wx04AAAAMAAJ	bub_gb_Wx04AAAAMAAJ	https://raw.githubusercontent.com/JULIELab/alz/master/v1_201901/xml/bub_gb_Wx04AAAAMAAJ.xml	Tesseract 4.0	348	331678
1809	4	Indiana University	https://archive.org/details/bub_gb_XdzjAAAAMAAJ	bub_gb_XdzjAAAAMAAJ	https://raw.githubusercontent.com/JULIELab/alz/master/v1_201901/xml/bub_gb_XdzjAAAAMAAJ.xml	Tesseract 4.0	662	666765
1839	5	University of Michigan	https://archive.org/details/bub_gb_Yxg4AAAAMAAJ	bub_gb_Yxg4AAAAMAAJ	https://raw.githubusercontent.com/JULIELab/alz/master/v1_201901/xml/bub_gb_Yxg4AAAAMAAJ.xml	Tesseract 4.0	322	245923
1831	2	University of Michigan	https://archive.org/details/bub_gb_ZRs4AAAAMAAJ	bub_gb_ZRs4AAAAMAAJ	https://raw.githubusercontent.com/JULIELab/alz/master/v1_201901/xml/bub_gb_ZRs4AAAAMAAJ.xml	Tesseract 4.0	346	333839
1828	2	University of Michigan	https://archive.org/details/bub_gb_ZTQ4AAAAMAAJ	bub_gb_ZTQ4AAAAMAAJ	https://raw.githubusercontent.com/JULIELab/alz/master/v1_201901/xml/bub_gb_ZTQ4AAAAMAAJ.xml	Tesseract 4.0	450	439083
1836	1_2_3	Princeton University	https://archive.org/details/bub_gb__ClRAAAAYAAJ	bub_gb__ClRAAAAYAAJ	https://raw.githubusercontent.com/JULIELab/alz/master/v1_201901/xml/bub_gb__ClRAAAAYAAJ.xml	Tesseract 4.0	1008	1009261
1830	1	University of Michigan	https://archive.org/details/bub_gb_aDI4AAAAMAAJ	bub_gb_aDI4AAAAMAAJ	https://raw.githubusercontent.com/JULIELab/alz/master/v1_201901/xml/bub_gb_aDI4AAAAMAAJ.xml	Tesseract 4.0	348	334035
1834	4	University of Michigan	https://archive.org/details/bub_gb_cCQ4AAAAMAAJ	bub_gb_cCQ4AAAAMAAJ	https://raw.githubusercontent.com/JULIELab/alz/master/v1_201901/xml/bub_gb_cCQ4AAAAMAAJ.xml	Tesseract 4.0	524	523327
1822	4	Indiana University	https://archive.org/details/bub_gb_cN7jAAAAMAAJ	bub_gb_cN7jAAAAMAAJ	https://raw.githubusercontent.com/JULIELab/alz/master/v1_201901/xml/bub_gb_cN7jAAAAMAAJ.xml	Tesseract 4.0	616	629572
1832	3	University of Michigan	https://archive.org/details/bub_gb_cR44AAAAMAAJ	bub_gb_cR44AAAAMAAJ	https://raw.githubusercontent.com/JULIELab/alz/master/v1_201901/xml/bub_gb_cR44AAAAMAAJ.xml	Tesseract 4.0	374	371880
1813	4	Oxford University	https://archive.org/details/bub_gb_cogFAAAAQAAJ	bub_gb_cogFAAAAQAAJ	https://raw.githubusercontent.com/JULIELab/alz/master/v1_201901/xml/bub_gb_cogFAAAAQAAJ.xml	Tesseract 4.0	598	599087
1822	3	University of Michigan	https://archive.org/details/bub_gb_ehw4AAAAMAAJ	bub_gb_ehw4AAAAMAAJ	https://raw.githubusercontent.com/JULIELab/alz/master/v1_201901/xml/bub_gb_ehw4AAAAMAAJ.xml	Tesseract 4.0	466	446377
1835	1	University of Michigan	https://archive.org/details/bub_gb_fCg4AAAAMAAJ	bub_gb_fCg4AAAAMAAJ	https://raw.githubusercontent.com/JULIELab/alz/master/v1_201901/xml/bub_gb_fCg4AAAAMAAJ.xml	Tesseract 4.0	368	363995
1834	3	University of Michigan	https://archive.org/details/bub_gb_fSM4AAAAMAAJ	bub_gb_fSM4AAAAMAAJ	https://raw.githubusercontent.com/JULIELab/alz/master/v1_201901/xml/bub_gb_fSM4AAAAMAAJ.xml	Tesseract 4.0	350	339145
1849	1_2_3	Princeton University	https://archive.org/details/bub_gb_gR5RAAAAYAAJ	bub_gb_gR5RAAAAYAAJ	https://raw.githubusercontent.com/JULIELab/alz/master/v1_201901/xml/bub_gb_gR5RAAAAYAAJ.xml	Tesseract 4.0	1311	1101148
1810	3_4	Princeton University	https://archive.org/details/bub_gb_lyFRAAAAYAAJ	bub_gb_lyFRAAAAYAAJ	https://raw.githubusercontent.com/JULIELab/alz/master/v1_201901/xml/bub_gb_lyFRAAAAYAAJ.xml	Tesseract 4.0	1139	1141078
1841	4	University of Michigan	https://archive.org/details/bub_gb_mxs4AAAAMAAJ	bub_gb_mxs4AAAAMAAJ	https://raw.githubusercontent.com/JULIELab/alz/master/v1_201901/xml/bub_gb_mxs4AAAAMAAJ.xml	Tesseract 4.0	444	373859
1827	2	Indiana University	https://archive.org/details/bub_gb_nNXjAAAAMAAJ	bub_gb_nNXjAAAAMAAJ	https://raw.githubusercontent.com/JULIELab/alz/master/v1_201901/xml/bub_gb_nNXjAAAAMAAJ.xml	Tesseract 4.0	446	421909
1808	3	University of Michigan	https://archive.org/details/bub_gb_ogs4AAAAMAAJ	bub_gb_ogs4AAAAMAAJ	https://raw.githubusercontent.com/JULIELab/alz/master/v1_201901/xml/bub_gb_ogs4AAAAMAAJ.xml	Tesseract 4.0	596	603804
1824	4	University of Michigan	https://archive.org/details/bub_gb_ohI4AAAAMAAJ	bub_gb_ohI4AAAAMAAJ	https://raw.githubusercontent.com/JULIELab/alz/master/v1_201901/xml/bub_gb_ohI4AAAAMAAJ.xml	Tesseract 4.0	588	580157
1843	4	University of California	https://archive.org/details/bub_gb_qsaEAAAAIAAJ	bub_gb_qsaEAAAAIAAJ	https://raw.githubusercontent.com/JULIELab/alz/master/v1_201901/xml/bub_gb_qsaEAAAAIAAJ.xml	Tesseract 4.0	794	726354
1824	2	Indiana University	https://archive.org/details/bub_gb_quXjAAAAMAAJ	bub_gb_quXjAAAAMAAJ	https://raw.githubusercontent.com/JULIELab/alz/master/v1_201901/xml/bub_gb_quXjAAAAMAAJ.xml	Tesseract 4.0	444	421198
1840	3	University of Michigan	https://archive.org/details/bub_gb_rzA4AAAAMAAJ	bub_gb_rzA4AAAAMAAJ	https://raw.githubusercontent.com/JULIELab/alz/master/v1_201901/xml/bub_gb_rzA4AAAAMAAJ.xml	Tesseract 4.0	340	290239
1845	2	Harvard University	https://archive.org/details/bub_gb_s4crAAAAYAAJ	bub_gb_s4crAAAAYAAJ	https://raw.githubusercontent.com/JULIELab/alz/master/v1_201901/xml/bub_gb_s4crAAAAYAAJ.xml	Tesseract 4.0	802	725440
1810	1	University of Michigan	https://archive.org/details/bub_gb_sBE4AAAAMAAJ	bub_gb_sBE4AAAAMAAJ	https://raw.githubusercontent.com/JULIELab/alz/master/v1_201901/xml/bub_gb_sBE4AAAAMAAJ.xml	Tesseract 4.0	532	533295
1807	1	Indiana University	https://archive.org/details/bub_gb_t9fjAAAAMAAJ	bub_gb_t9fjAAAAMAAJ	https://raw.githubusercontent.com/JULIELab/alz/master/v1_201901/xml/bub_gb_t9fjAAAAMAAJ.xml	Tesseract 4.0	440	445494
1824	3	University of Michigan	https://archive.org/details/bub_gb_uhE4AAAAMAAJ	bub_gb_uhE4AAAAMAAJ	https://raw.githubusercontent.com/JULIELab/alz/master/v1_201901/xml/bub_gb_uhE4AAAAMAAJ.xml	Tesseract 4.0	472	454168
1829	3	University of Michigan	https://archive.org/details/bub_gb_whY4AAAAMAAJ	bub_gb_whY4AAAAMAAJ	https://raw.githubusercontent.com/JULIELab/alz/master/v1_201901/xml/bub_gb_whY4AAAAMAAJ.xml	Tesseract 4.0	374	379733
1834	2	Oxford University	https://archive.org/details/bub_gb_wokFAAAAQAAJ	bub_gb_wokFAAAAQAAJ	https://raw.githubusercontent.com/JULIELab/alz/master/v1_201901/xml/bub_gb_wokFAAAAQAAJ.xml	Tesseract 4.0	325	313807
1828	3	University of Michigan	https://archive.org/details/bub_gb_zDQ4AAAAMAAJ	bub_gb_zDQ4AAAAMAAJ	https://raw.githubusercontent.com/JULIELab/alz/master/v1_201901/xml/bub_gb_zDQ4AAAAMAAJ.xml	Tesseract 4.0	506	492011
